Job ID,Job Title,Company,Location,ATS Score,Method,Status,Email Sent To,Applied At,Follow-Up Due,URL,Apply URL
wwr_883130,"Senior Angular Full-stack Developer","Lemon.io","100% Remote (Worldwide)",65,WeWorkRemotely (Remote),"🌐 Global Apply Link",,2026-10-09 15:47,2026-10-14,https://weworkremotely.com/remote-jobs/lemon-io-senior-angular-full-stack-developer,https://weworkremotely.com/remote-jobs/lemon-io-senior-angular-full-stack-developer
wwr_393525,"Senior .NET Full-stack Developer","Lemon.io","100% Remote (Worldwide)",65,WeWorkRemotely (Remote),"🌐 Global Apply Link",,2026-10-09 15:47,2026-10-14,https://weworkremotely.com/remote-jobs/lemon-io-senior-net-full-stack-developer-2,https://weworkremotely.com/remote-jobs/lemon-io-senior-net-full-stack-developer-2
li_4402971330,"Senior Data Engineer - Morocco","Mindera","Casablanca, Casablanca-Settat, Maroc",65,LinkedIn Direct Apply,"💼 Apply on LinkedIn",,2026-10-09 15:47,2026-10-14,https://ma.linkedin.com/jobs/view/senior-data-engineer-morocco-at-mindera-4402971330,https://ma.linkedin.com/jobs/view/senior-data-engineer-morocco-at-mindera-4402971330
li_4472594285,"SOFTWARE ENGINEER (FULL-STACK) – GENERATIVE AI SPECIALIZATION F/H","VISEO","Casablanca-Settat, Maroc",65,LinkedIn Direct Apply,"💼 Apply on LinkedIn",,2026-10-09 15:47,2026-10-14,https://ma.linkedin.com/jobs/view/software-engineer-full-stack-%E2%80%93-generative-ai-specialization-f-h-at-viseo-4472594285,https://ma.linkedin.com/jobs/view/software-engineer-full-stack-%E2%80%93-generative-ai-specialization-f-h-at-viseo-4472594285
li_4450344200,"C++ Software Developer","Bertrandt Group","Rabat, Rabat-Salé-Kénitra, Maroc",65,LinkedIn Direct Apply,"💼 Apply on LinkedIn",,2026-10-09 15:46,2026-10-14,https://ma.linkedin.com/jobs/view/c%2B%2B-software-developer-at-bertrandt-group-4450344200,https://ma.linkedin.com/jobs/view/c%2B%2B-software-developer-at-bertrandt-group-4450344200
li_4398242552,"Data Analyst Automotive High-Voltage Battery Systems (m/f)","Bertrandt Group","Rabat, Rabat-Salé-Kénitra, Maroc",65,LinkedIn Direct Apply,"💼 Apply on LinkedIn",,2026-10-09 15:46,2026-10-14,https://ma.linkedin.com/jobs/view/data-analyst-automotive-high-voltage-battery-systems-m-f-at-bertrandt-group-4398242552,https://ma.linkedin.com/jobs/view/data-analyst-automotive-high-voltage-battery-systems-m-f-at-bertrandt-group-4398242552
li_4404425071,"Cloud Data & Software Engineer (AWS, Python)","Bertrandt Group","Rabat, Rabat-Salé-Kénitra, Maroc",65,LinkedIn Direct Apply,"💼 Apply on LinkedIn",,2026-10-09 15:46,2026-10-14,https://ma.linkedin.com/jobs/view/cloud-data-software-engineer-aws-python-at-bertrandt-group-4404425071,https://ma.linkedin.com/jobs/view/cloud-data-software-engineer-aws-python-at-bertrandt-group-4404425071
li_4341720419,"Expert Data & Cloud GCP","SQLI","Rabat, Rabat-Salé-Kénitra, Maroc",65,LinkedIn Direct Apply,"💼 Apply on LinkedIn",,2026-10-09 15:46,2026-10-14,https://ma.linkedin.com/jobs/view/expert-data-cloud-gcp-at-sqli-4341720419,https://ma.linkedin.com/jobs/view/expert-data-cloud-gcp-at-sqli-4341720419
mcc_165237,"Rejoignez un acteur majeur des télécommunications b2b./ agdal rabat","Phone","Rabat (Maroc)",70,MonCallCenter Direct,"🎧 Apply on MonCallCenter",,2026-10-09 15:46,2026-10-14,https://www.moncallcenter.ma/offre-emploi/phone-advisor-rejoignez-un-acteur-majeur-des-telecommunications-b2b-agdal-rabat-165237,https://www.moncallcenter.ma/offre-emploi/phone-advisor-rejoignez-un-acteur-majeur-des-telecommunications-b2b-agdal-rabat-165237
mcc_160046,"Séniors mutuelle santé : l'expert, c'est vous . le cadre idéale, c'est nca.","Net","Rabat (Maroc)",70,MonCallCenter Direct,"🎧 Apply on MonCallCenter",,2026-10-09 15:46,2026-10-14,https://www.moncallcenter.ma/offre-emploi/net-courtage-assurances-seniors-mutuelle-sante-l-expert-c-est-vous-le-cadre-ideale-c-est-nca-160046,https://www.moncallcenter.ma/offre-emploi/net-courtage-assurances-seniors-mutuelle-sante-l-expert-c-est-vous-le-cadre-ideale-c-est-nca-160046
mcc_167460,"Ecg rabat lance une formation pour le poste de conseiller commercial en assurances (fiches ciblées)","Ecg","Rabat (Maroc)",70,MonCallCenter Direct,"🎧 Apply on MonCallCenter",,2026-10-09 15:46,2026-10-14,https://www.moncallcenter.ma/offre-emploi/ecg-assurances-maroc-ecg-rabat-lance-une-formation-pour-le-poste-de-conseiller-commercial-en-assurances-fiches-ciblees-167460,https://www.moncallcenter.ma/offre-emploi/ecg-assurances-maroc-ecg-rabat-lance-une-formation-pour-le-poste-de-conseiller-commercial-en-assurances-fiches-ciblees-167460
li_4473910188,"Full Stack AI Engineer, Intégration ERP & dev Odoo","Tire Lait Express","Marrakech, Marrakech-Safi, Maroc",70,LinkedIn Direct Apply,"💼 Apply on LinkedIn",,2026-10-09 15:46,2026-10-14,https://ma.linkedin.com/jobs/view/full-stack-ai-engineer-int%C3%A9gration-erp-dev-odoo-at-tire-lait-express-4473910188,https://ma.linkedin.com/jobs/view/full-stack-ai-engineer-int%C3%A9gration-erp-dev-odoo-at-tire-lait-express-4473910188
rek_186833,"Technicien Reseaux Anglophone Shift De Nuit","Marketing","Télétravail (Maroc)",70,Rekrute Direct,"🔗 Apply Link Ready",,2026-10-09 15:46,2026-10-14,https://www.rekrute.com/offre-emploi-technicien-reseaux-anglophone-shift-de-nuit-recrutement-marketing-call-center-rabat-186833.html,https://www.rekrute.com/offre-emploi-technicien-reseaux-anglophone-shift-de-nuit-recrutement-marketing-call-center-rabat-186833.html
rek_184614,"Ingenieur Devsecops   Securite Cloud Fh","Sofrecom","Salé / Technopolis (Maroc)",70,Rekrute Direct,"🔗 Apply Link Ready",,2026-10-09 15:45,2026-10-14,https://www.rekrute.com/offre-emploi-ingenieur-devsecops---securite-cloud-fh-recrutement-sofrecom-maroc-casablanca-184614.html,https://www.rekrute.com/offre-emploi-ingenieur-devsecops---securite-cloud-fh-recrutement-sofrecom-maroc-casablanca-184614.html
wwr_667257,"Machine Learning Engineer","Jumio","100% Remote (Worldwide)",75,WeWorkRemotely (Remote),"🌐 Global Apply Link",,2026-10-09 15:45,2026-10-14,https://weworkremotely.com/remote-jobs/jumio-machine-learning-engineer,https://weworkremotely.com/remote-jobs/jumio-machine-learning-engineer
wwr_732592,"Machine Learning Engineer - IV (Biometrics)","Jumio","100% Remote (Worldwide)",75,WeWorkRemotely (Remote),"🌐 Global Apply Link",,2026-10-09 15:45,2026-10-14,https://weworkremotely.com/remote-jobs/jumio-machine-learning-engineer-iv-biometrics,https://weworkremotely.com/remote-jobs/jumio-machine-learning-engineer-iv-biometrics
wwr_851033,"Backend Engineer, IAM","Reddit","100% Remote (Worldwide)",80,WeWorkRemotely (Remote),"🌐 Global Apply Link",,2026-10-09 15:45,2026-10-14,https://weworkremotely.com/remote-jobs/reddit-backend-engineer-iam,https://weworkremotely.com/remote-jobs/reddit-backend-engineer-iam
wwr_924390,"Senior Java Developer","Twikey","100% Remote (Worldwide)",80,WeWorkRemotely (Remote),"🌐 Global Apply Link",,2026-10-09 15:45,2026-10-14,https://weworkremotely.com/remote-jobs/twikey-senior-java-developer,https://weworkremotely.com/remote-jobs/twikey-senior-java-developer
wwr_436197,"Abuse Research Engineer","Stripe","100% Remote (Worldwide)",80,WeWorkRemotely (Remote),"🌐 Global Apply Link",,2026-10-09 15:45,2026-10-14,https://weworkremotely.com/remote-jobs/stripe-abuse-research-engineer,https://weworkremotely.com/remote-jobs/stripe-abuse-research-engineer
wwr_248799,"Backend Engineer, Control Plane","Tailscale","100% Remote (Worldwide)",80,WeWorkRemotely (Remote),"🌐 Global Apply Link",,2026-10-09 15:45,2026-10-14,https://weworkremotely.com/remote-jobs/tailscale-backend-engineer-control-plane,https://weworkremotely.com/remote-jobs/tailscale-backend-engineer-control-plane
wwr_248799,"Backend Engineer, Control Plane","Tailscale","100% Remote (Worldwide)",80,WeWorkRemotely (Remote),"🌐 Global Apply Link",,2026-10-09 15:45,2026-10-14,https://weworkremotely.com/remote-jobs/tailscale-backend-engineer-control-plane,https://weworkremotely.com/remote-jobs/tailscale-backend-engineer-control-plane
wwr_108051,"Backend Engineer (Multiple Positions)","LaunchDarkly","100% Remote (Worldwide)",80,WeWorkRemotely (Remote),"🌐 Global Apply Link",,2026-10-09 15:45,2026-10-14,https://weworkremotely.com/remote-jobs/launchdarkly-backend-engineer-multiple-positions,https://weworkremotely.com/remote-jobs/launchdarkly-backend-engineer-multiple-positions
wwr_289329,"Software Engineer - Query Execution","Dremio","100% Remote (Worldwide)",80,WeWorkRemotely (Remote),"🌐 Global Apply Link",,2026-10-09 15:45,2026-10-14,https://weworkremotely.com/remote-jobs/dremio-software-engineer-query-execution,https://weworkremotely.com/remote-jobs/dremio-software-engineer-query-execution
wwr_777879,"Director of Security Engineering","Abnormal","100% Remote (Worldwide)",96,WeWorkRemotely (Remote),"🌐 Global Apply Link",,2026-10-09 15:45,2026-10-14,https://weworkremotely.com/remote-jobs/abnormal-director-of-security-engineering,https://weworkremotely.com/remote-jobs/abnormal-director-of-security-engineering
mcc_162510,"(rabat) chargé d'affaire santé mutuelle - salaire net de 7000dh à 13 000dh + primes déplafonnées","AXA Services Maroc","Rabat (Maroc)",72,MonCallCenter Direct,"🎧 Apply on MonCallCenter",,2026-10-09 15:42,2026-10-14,https://www.moncallcenter.ma/offre-emploi/ecg-assurances-maroc-rabat-charge-d-affaire-sante-mutuelle-salaire-net-de-7000dh-a-13-000dh-primes-deplafonnees-162510,https://www.moncallcenter.ma/offre-emploi/ecg-assurances-maroc-rabat-charge-d-affaire-sante-mutuelle-salaire-net-de-7000dh-a-13-000dh-primes-deplafonnees-162510
mcc_166448,"Agents expérimentés en énergies renouvelables(teletravail)+salaire7000dhs+primes+weekend-off","Teleconcept","Rabat / Télétravail (Maroc)",72,MonCallCenter Direct,"🎧 Apply on MonCallCenter",,2026-10-09 15:37,2026-10-14,https://www.moncallcenter.ma/offre-emploi/teleconcept-agents-experimentes-en-energies-renouvelables-teletravail-salaire7000dhs-primes-weekend-off-166448,https://www.moncallcenter.ma/offre-emploi/teleconcept-agents-experimentes-en-energies-renouvelables-teletravail-salaire7000dhs-primes-weekend-off-166448
mcc_168192,"Plus de télévente, plus d'horaire fixe chez la plupart : mais pas chez nous !","Access","Rabat (Maroc)",72,MonCallCenter Direct,"🎧 Apply on MonCallCenter",,2026-10-09 15:37,2026-10-14,https://www.moncallcenter.ma/offre-emploi/access-teleservices-plus-de-televente-plus-d-horaire-fixe-chez-la-plupart-mais-pas-chez-nous-168192,https://www.moncallcenter.ma/offre-emploi/access-teleservices-plus-de-televente-plus-d-horaire-fixe-chez-la-plupart-mais-pas-chez-nous-168192
mcc_165757,"Vocal vibe recrute : 6000dh net + primes déplafonnées +cdi !","Vocal","Rabat (Maroc)",72,MonCallCenter Direct,"🎧 Apply on MonCallCenter",,2026-10-09 15:37,2026-10-14,https://www.moncallcenter.ma/offre-emploi/vocal-vibe-vocal-vibe-recrute-6000dh-net-primes-deplafonnees-cdi-165757,https://www.moncallcenter.ma/offre-emploi/vocal-vibe-vocal-vibe-recrute-6000dh-net-primes-deplafonnees-cdi-165757
mcc_167249,"Commercial b2b – bouygues telecom pro (h/f) / rabat agdal","Phone","Rabat (Maroc)",72,MonCallCenter Direct,"🎧 Apply on MonCallCenter",,2026-10-09 15:37,2026-10-14,https://www.moncallcenter.ma/offre-emploi/phone-advisor-commercial-b2b-bouygues-telecom-pro-h-f-rabat-agdal-167249,https://www.moncallcenter.ma/offre-emploi/phone-advisor-commercial-b2b-bouygues-telecom-pro-h-f-rabat-agdal-167249
mcc_168548,"Souscripteur et conseiller assureur iard","Phenix","Rabat (Maroc)",72,MonCallCenter Direct,"🎧 Apply on MonCallCenter",,2026-10-09 15:37,2026-10-14,https://www.moncallcenter.ma/offre-emploi/phenix-assurances-souscripteur-et-conseiller-assureur-iard-168548,https://www.moncallcenter.ma/offre-emploi/phenix-assurances-souscripteur-et-conseiller-assureur-iard-168548
mcc_163520,"Expert en mutuelle santé","Cpa","Rabat (Maroc)",72,MonCallCenter Direct,"🎧 Apply on MonCallCenter",,2026-10-09 15:37,2026-10-14,https://www.moncallcenter.ma/offre-emploi/cpa-maroc-expert-en-mutuelle-sante-163520,https://www.moncallcenter.ma/offre-emploi/cpa-maroc-expert-en-mutuelle-sante-163520
mcc_162320,"Chargés d’affaires b2b en énergie (vente de contrats gaz & électricité): 6000 dh net dès le 1er mois","Valtel","Rabat (Maroc)",72,MonCallCenter Direct,"🎧 Apply on MonCallCenter",,2026-10-09 15:37,2026-10-14,https://www.moncallcenter.ma/offre-emploi/valtel-charges-d-affaires-b2b-en-energie-vente-de-contrats-gaz-amp-electricite-6000-dh-net-des-le-1er-mois-162320,https://www.moncallcenter.ma/offre-emploi/valtel-charges-d-affaires-b2b-en-energie-vente-de-contrats-gaz-amp-electricite-6000-dh-net-des-le-1er-mois-162320
li_bpo_4445655622,"Legal Assistant","Odixcity Consulting","Maroc",72,LinkedIn Direct Apply,"💼 Apply on LinkedIn",,2026-10-09 15:31,2026-10-14,https://ma.linkedin.com/jobs/view/legal-assistant-at-odixcity-consulting-4445655622,https://ma.linkedin.com/jobs/view/legal-assistant-at-odixcity-consulting-4445655622
li_bpo_4462450316,"Employee Experience Specialist On/Off boarding-MENA","RemotePass","Maroc",72,LinkedIn Direct Apply,"💼 Apply on LinkedIn",,2026-10-09 15:30,2026-10-14,https://ma.linkedin.com/jobs/view/employee-experience-specialist-on-off-boarding-mena-at-remotepass-4462450316,https://ma.linkedin.com/jobs/view/employee-experience-specialist-on-off-boarding-mena-at-remotepass-4462450316
li_bpo_4470950949,"Sales Support & Account Operations Specialist (Arabic, French and English)","Brixio","Maroc",72,LinkedIn Direct Apply,"💼 Apply on LinkedIn",,2026-10-09 15:30,2026-10-14,https://ma.linkedin.com/jobs/view/sales-support-account-operations-specialist-arabic-french-and-english-at-brixio-4470950949,https://ma.linkedin.com/jobs/view/sales-support-account-operations-specialist-arabic-french-and-english-at-brixio-4470950949
li_bpo_4474819664,"Administrative Assistant (Remote)","1 Clean Air","Casablanca et périphérie",72,LinkedIn Direct Apply,"💼 Apply on LinkedIn",,2026-10-09 15:30,2026-10-14,https://ma.linkedin.com/jobs/view/administrative-assistant-remote-at-1-clean-air-4474819664,https://ma.linkedin.com/jobs/view/administrative-assistant-remote-at-1-clean-air-4474819664
li_bpo_4473161432,"CLIENT FINANCE SPECIALIST","ProductLife Group","Maroc",72,LinkedIn Direct Apply,"💼 Apply on LinkedIn",,2026-10-09 15:30,2026-10-14,https://ma.linkedin.com/jobs/view/client-finance-specialist-at-productlife-group-4473161432,https://ma.linkedin.com/jobs/view/client-finance-specialist-at-productlife-group-4473161432
li_bpo_4470427221,"Adjoint(e) Administratif(ve) à Distance – Courtiers Immobiliers Québec (Basé au Maroc)","Solua INC","Maroc",72,LinkedIn Direct Apply,"💼 Apply on LinkedIn",,2026-10-09 15:30,2026-10-14,https://ma.linkedin.com/jobs/view/adjoint-e-administratif-ve-%C3%A0-distance-%E2%80%93-courtiers-immobiliers-qu%C3%A9bec-bas%C3%A9-au-maroc-4470427221,https://ma.linkedin.com/jobs/view/adjoint-e-administratif-ve-%C3%A0-distance-%E2%80%93-courtiers-immobiliers-qu%C3%A9bec-bas%C3%A9-au-maroc-4470427221
li_bpo_4474738092,"ADG – Administration, Gestion & Facturation","Scalian","Casablanca, Casablanca-Settat, Maroc",80,LinkedIn Direct Apply,"💼 Apply on LinkedIn",,2026-10-09 15:30,2026-10-14,https://ma.linkedin.com/jobs/view/adg-%E2%80%93-administration-gestion-facturation-at-scalian-4474738092,https://ma.linkedin.com/jobs/view/adg-%E2%80%93-administration-gestion-facturation-at-scalian-4474738092
li_bpo_4409008560,"Claims Processor","Odixcity Consulting","Maroc",80,LinkedIn Direct Apply,"💼 Apply on LinkedIn",,2026-10-09 15:30,2026-10-14,https://ma.linkedin.com/jobs/view/claims-processor-at-odixcity-consulting-4409008560,https://ma.linkedin.com/jobs/view/claims-processor-at-odixcity-consulting-4409008560
li_bpo_4425494543,"AR Accountant – O2C Specialist","Scalian","Casablanca et périphérie",80,LinkedIn Direct Apply,"💼 Apply on LinkedIn",,2026-10-09 15:30,2026-10-14,https://ma.linkedin.com/jobs/view/ar-accountant-%E2%80%93-o2c-specialist-at-scalian-4425494543,https://ma.linkedin.com/jobs/view/ar-accountant-%E2%80%93-o2c-specialist-at-scalian-4425494543
li_bpo_4474439817,"Finance & Operations Specialist","Veylinx","Maroc",96,LinkedIn Direct Apply,"💼 Apply on LinkedIn",,2026-10-09 15:30,2026-10-14,https://ma.linkedin.com/jobs/view/finance-operations-specialist-at-veylinx-4474439817,https://ma.linkedin.com/jobs/view/finance-operations-specialist-at-veylinx-4474439817
li_bpo_4466885689,"Chargé(e) Support Client E-commerce","Hellomaterials","Rabat, Rabat-Salé-Kénitra, Maroc",72,LinkedIn Direct Apply,"💼 Apply on LinkedIn",,2026-10-09 15:30,2026-10-14,https://ma.linkedin.com/jobs/view/charg%C3%A9-e-support-client-e-commerce-at-hellomaterials-4466885689,https://ma.linkedin.com/jobs/view/charg%C3%A9-e-support-client-e-commerce-at-hellomaterials-4466885689
li_bpo_4449956933,"Operations Associate","Ladgov Corporation","Cercle de Kenitra-Banlieue, Rabat-Salé-Kénitra, Maroc",72,LinkedIn Direct Apply,"💼 Apply on LinkedIn",,2026-10-09 15:29,2026-10-14,https://ma.linkedin.com/jobs/view/operations-associate-at-ladgov-corporation-4449956933,https://ma.linkedin.com/jobs/view/operations-associate-at-ladgov-corporation-4449956933
li_bpo_4458195011,"Office Administrative Executive","Marcus Evans Group","Rabat, Rabat-Salé-Kénitra, Maroc",72,LinkedIn Direct Apply,"💼 Apply on LinkedIn",,2026-10-09 15:29,2026-10-14,https://ma.linkedin.com/jobs/view/office-administrative-executive-at-marcus-evans-group-4458195011,https://ma.linkedin.com/jobs/view/office-administrative-executive-at-marcus-evans-group-4458195011
li_bpo_4430758667,"French-Speaking Customer Experience Specialist","The Flex","Rabat, Rabat-Salé-Kénitra, Maroc",72,LinkedIn Direct Apply,"💼 Apply on LinkedIn",,2026-10-09 15:29,2026-10-14,https://ma.linkedin.com/jobs/view/french-speaking-customer-experience-specialist-at-the-flex-4430758667,https://ma.linkedin.com/jobs/view/french-speaking-customer-experience-specialist-at-the-flex-4430758667
rek_bpo_186814,"Rabat Conseillerere Clientele En Energie Emission Dappels Cdi","Adm","Télétravail (Maroc)",72,Rekrute Direct,"🔗 Apply Link Ready",,2026-10-09 15:29,2026-10-14,https://www.rekrute.com/offre-emploi-rabat-conseillerere-clientele-en-energie-emission-dappels-cdi-recrutement-adm-value-rabat-186814.html,https://www.rekrute.com/offre-emploi-rabat-conseillerere-clientele-en-energie-emission-dappels-cdi-recrutement-adm-value-rabat-186814.html
rek_bpo_187020,"Charge De Support L1 Hf","Afd.Tech","Télétravail (Maroc)",72,Rekrute Direct,"🔗 Apply Link Ready",,2026-10-09 15:29,2026-10-14,https://www.rekrute.com/offre-emploi-charge-de-support-l1-hf-recrutement-afd.tech-rabat-187020.html,https://www.rekrute.com/offre-emploi-charge-de-support-l1-hf-recrutement-afd.tech-rabat-187020.html
rek_bpo_187027,"Conseiller Client Bilingue Italienfrancais","Marketing","Télétravail (Maroc)",72,Rekrute Direct,"🔗 Apply Link Ready",,2026-10-09 15:29,2026-10-14,https://www.rekrute.com/offre-emploi-conseiller-client-bilingue-italienfrancais-recrutement-marketing-call-center-rabat-187027.html,https://www.rekrute.com/offre-emploi-conseiller-client-bilingue-italienfrancais-recrutement-marketing-call-center-rabat-187027.html
rek_bpo_186833,"Technicien Reseaux Anglophone Shift De Nuit","Marketing","Télétravail (Maroc)",72,Rekrute Direct,"🔗 Apply Link Ready",,2026-10-09 15:29,2026-10-14,https://www.rekrute.com/offre-emploi-technicien-reseaux-anglophone-shift-de-nuit-recrutement-marketing-call-center-rabat-186833.html,https://www.rekrute.com/offre-emploi-technicien-reseaux-anglophone-shift-de-nuit-recrutement-marketing-call-center-rabat-186833.html
rek_bpo_187173,"Agent Support Technique N2 Hf 247","Cgi","Télétravail (Maroc)",72,Rekrute Direct,"🔗 Apply Link Ready",,2026-10-09 15:29,2026-10-14,https://www.rekrute.com/offre-emploi-agent-support-technique-n2-hf-247-recrutement-cgi-technologies-et-solutions-maroc-rabat-187173.html,https://www.rekrute.com/offre-emploi-agent-support-technique-n2-hf-247-recrutement-cgi-technologies-et-solutions-maroc-rabat-187173.html
rek_bpo_187261,"Conseillers Clients Hf Service Client   Darija Francais Anglais","Concentrix","Télétravail (Maroc)",72,Rekrute Direct,"🔗 Apply Link Ready",,2026-10-09 15:29,2026-10-14,https://www.rekrute.com/offre-emploi-conseillers-clients-hf-service-client---darija-francais-anglais-recrutement-concentrix-rabat-187261.html,https://www.rekrute.com/offre-emploi-conseillers-clients-hf-service-client---darija-francais-anglais-recrutement-concentrix-rabat-187261.html
rek_bpo_187295,"Responsable Detudes Qualitatives Et De Tests Utilisateurs Ux Design Fh","Sofrecom","Salé / Technopolis (Maroc)",72,Rekrute Direct,"🔗 Apply Link Ready",,2026-10-09 15:28,2026-10-14,https://www.rekrute.com/offre-emploi-responsable-detudes-qualitatives-et-de-tests-utilisateurs-ux-design-fh-recrutement-sofrecom-maroc-rabat-187295.html,https://www.rekrute.com/offre-emploi-responsable-detudes-qualitatives-et-de-tests-utilisateurs-ux-design-fh-recrutement-sofrecom-maroc-rabat-187295.html
rek_bpo_185506,"Learning And Development Manager","Cnexia","Télétravail (Maroc)",72,Rekrute Direct,"🔗 Apply Link Ready",,2026-10-09 15:28,2026-10-14,https://www.rekrute.com/offre-emploi-learning-and-development-manager-recrutement-cnexia-rabat-185506.html,https://www.rekrute.com/offre-emploi-learning-and-development-manager-recrutement-cnexia-rabat-185506.html
rek_bpo_185769,"Chargee Adv Rabat   Tanger   Casablanca","M","Télétravail (Maroc)",72,Rekrute Direct,"🔗 Apply Link Ready",,2026-10-09 15:28,2026-10-14,https://www.rekrute.com/offre-emploi-chargee-adv-rabat---tanger---casablanca-recrutement-m-automotiv-casablanca-185769.html,https://www.rekrute.com/offre-emploi-chargee-adv-rabat---tanger---casablanca-recrutement-m-automotiv-casablanca-185769.html
rek_bpo_183366,"Personal Assistant","Axa","Télétravail (Maroc)",72,Rekrute Direct,"🔗 Apply Link Ready",,2026-10-09 15:28,2026-10-14,https://www.rekrute.com/offre-emploi-personal-assistant-recrutement-axa-gbs-morocco-rabat-183366.html,https://www.rekrute.com/offre-emploi-personal-assistant-recrutement-axa-gbs-morocco-rabat-183366.html
rek_bpo_186996,"Coordinateur Support Operationnel Back Office Applicatif","Alten","Télétravail (Maroc)",72,Rekrute Direct,"🔗 Apply Link Ready",,2026-10-09 15:28,2026-10-14,https://www.rekrute.com/offre-emploi-coordinateur-support-operationnel-back-office-applicatif-recrutement-alten-maroc-rabat-186996.html,https://www.rekrute.com/offre-emploi-coordinateur-support-operationnel-back-office-applicatif-recrutement-alten-maroc-rabat-186996.html
rek_bpo_187021,"Conseiller Client Hispanophone Live Chat Back Office Hf","Marketing","Télétravail (Maroc)",72,Rekrute Direct,"🔗 Apply Link Ready",,2026-10-09 15:28,2026-10-14,https://www.rekrute.com/offre-emploi-conseiller-client-hispanophone-live-chat-back-office-hf-recrutement-marketing-call-center-rabat-187021.html,https://www.rekrute.com/offre-emploi-conseiller-client-hispanophone-live-chat-back-office-hf-recrutement-marketing-call-center-rabat-187021.html
rek_bpo_187105,"Agente Backoffice Italofono Bonus Di Benvenuto Di 1000Dh   Weekend Off","Marketing","Télétravail (Maroc)",72,Rekrute Direct,"🔗 Apply Link Ready",,2026-10-09 15:28,2026-10-14,https://www.rekrute.com/offre-emploi-agente-backoffice-italofono-bonus-di-benvenuto-di-1000dh---weekend-off-recrutement-marketing-call-center-rabat-187105.html,https://www.rekrute.com/offre-emploi-agente-backoffice-italofono-bonus-di-benvenuto-di-1000dh---weekend-off-recrutement-marketing-call-center-rabat-187105.html
rek_bpo_187054,"Asesor De Clientes 100 Chat Espanol","Marketing","Télétravail (Maroc)",72,Rekrute Direct,"🔗 Apply Link Ready",,2026-10-09 15:28,2026-10-14,https://www.rekrute.com/offre-emploi-asesor-de-clientes-100-chat-espanol-recrutement-marketing-call-center-rabat-187054.html,https://www.rekrute.com/offre-emploi-asesor-de-clientes-100-chat-espanol-recrutement-marketing-call-center-rabat-187054.html
mcc_166820,"Gestionnaire de compte (h/f) expérimenté – secteur télécoms ( francophone - anglophone )","ARIA","Rabat (Maroc)",72,MonCallCenter Direct,"🎧 Apply on MonCallCenter",,2026-10-09 15:27,2026-10-14,https://www.moncallcenter.ma/offre-emploi/giantlink-gestionnaire-de-compte-h-f-experimente-secteur-telecoms-francophone-anglophone-166820,https://www.moncallcenter.ma/offre-emploi/giantlink-gestionnaire-de-compte-h-f-experimente-secteur-telecoms-francophone-anglophone-166820
mcc_149035,"Vous êtes experts en télévente b2b, rejoignez-nous – package attractif & primes déplafonnées","ARIA","Rabat (Maroc)",72,MonCallCenter Direct,"🎧 Apply on MonCallCenter",,2026-10-09 15:27,2026-10-14,https://www.moncallcenter.ma/offre-emploi/concentrix-vous-etes-experts-en-televente-b2b-rejoignez-nous-package-attractif-amp-primes-deplafonnees-149035,https://www.moncallcenter.ma/offre-emploi/concentrix-vous-etes-experts-en-televente-b2b-rejoignez-nous-package-attractif-amp-primes-deplafonnees-149035
mcc_166428,"Expert en panneaux photovoltaïques pour le télétravail,avec un bon salaire+primes!weekend-off!","ARIA","Rabat / Télétravail (Maroc)",72,MonCallCenter Direct,"🎧 Apply on MonCallCenter",,2026-10-09 15:27,2026-10-14,https://www.moncallcenter.ma/offre-emploi/teleconcept-expert-en-panneaux-photovoltaiques-pour-le-teletravail-avec-un-bon-salaire-primes-weekend-off-166428,https://www.moncallcenter.ma/offre-emploi/teleconcept-expert-en-panneaux-photovoltaiques-pour-le-teletravail-avec-un-bon-salaire-primes-weekend-off-166428
mcc_166438,"Téléconseillères expérimentées en énergies renouvelables(teletravail)+salaire motivant+weekend off!","ARIA","Rabat / Télétravail (Maroc)",72,MonCallCenter Direct,"🎧 Apply on MonCallCenter",,2026-10-09 15:27,2026-10-14,https://www.moncallcenter.ma/offre-emploi/teleconcept-teleconseilleres-experimentees-en-energies-renouvelables-teletravail-salaire-motivant-weekend-off-166438,https://www.moncallcenter.ma/offre-emploi/teleconcept-teleconseilleres-experimentees-en-energies-renouvelables-teletravail-salaire-motivant-weekend-off-166438
mcc_168024,"Téléconseiller francophone pour une activité en réception d'appel & back office","Ncc","Rabat / Télétravail (Maroc)",72,MonCallCenter Direct,"🎧 Apply on MonCallCenter",,2026-10-09 15:27,2026-10-14,https://www.moncallcenter.ma/offre-emploi/ncc-casablanca-teleconseiller-francophone-pour-une-activite-en-reception-d-appel-amp-back-office-168024,https://www.moncallcenter.ma/offre-emploi/ncc-casablanca-teleconseiller-francophone-pour-une-activite-en-reception-d-appel-amp-back-office-168024
mcc_84477,"Télévendeurs germanophones (h/f) en émission d'appels : à salé - salaire fixe, primes déplafonnées","R","Salé (Maroc)",72,MonCallCenter Direct,"🎧 Apply on MonCallCenter",,2026-10-09 15:27,2026-10-14,https://www.moncallcenter.ma/offre-emploi/r-service-televendeurs-germanophones-h-f-en-emission-d-appels-a-sale-salaire-fixe-primes-deplafonnees-84477,https://www.moncallcenter.ma/offre-emploi/r-service-televendeurs-germanophones-h-f-en-emission-d-appels-a-sale-salaire-fixe-primes-deplafonnees-84477
mcc_149077,"Conseillers clients francophones en réception d’appels à salé","Concentrix","Salé (Maroc)",72,MonCallCenter Direct,"🎧 Apply on MonCallCenter",,2026-10-09 15:27,2026-10-14,https://www.moncallcenter.ma/offre-emploi/concentrix-conseillers-clients-francophones-en-reception-d-appels-a-sale-149077,https://www.moncallcenter.ma/offre-emploi/concentrix-conseillers-clients-francophones-en-reception-d-appels-a-sale-149077
mcc_149055,"Boostez votre carrière à rabat & salé – commerciaux expérimentés, package attractif 7400 mad","Concentrix","Salé (Maroc)",72,MonCallCenter Direct,"🎧 Apply on MonCallCenter",,2026-10-09 15:27,2026-10-14,https://www.moncallcenter.ma/offre-emploi/concentrix-boostez-votre-carriere-a-rabat-amp-sale-commerciaux-experimentes-package-attractif-7400-mad-149055,https://www.moncallcenter.ma/offre-emploi/concentrix-boostez-votre-carriere-a-rabat-amp-sale-commerciaux-experimentes-package-attractif-7400-mad-149055
mcc_164577,"Conseillers clients (h/f) service client - darija-français-anglais","Concentrix","Salé (Maroc)",72,MonCallCenter Direct,"🎧 Apply on MonCallCenter",,2026-10-09 15:27,2026-10-14,https://www.moncallcenter.ma/offre-emploi/concentrix-conseillers-clients-h-f-service-client-darija-francais-anglais-164577,https://www.moncallcenter.ma/offre-emploi/concentrix-conseillers-clients-h-f-service-client-darija-francais-anglais-164577
mcc_168175,"Bilingual customer retention representative (french / english) - rabat","AXA Services Maroc","Rabat (Maroc)",72,MonCallCenter Direct,"🎧 Apply on MonCallCenter",,2026-10-09 15:26,2026-10-14,https://www.moncallcenter.ma/offre-emploi/cnexia-bilingual-customer-retention-representative-french-english-rabat-168175,https://www.moncallcenter.ma/offre-emploi/cnexia-bilingual-customer-retention-representative-french-english-rabat-168175
mcc_168129,"Nouvelle grille salariale sur du telco - fai : nous passons à 5000 dh net + primes","AXA Services Maroc","Rabat (Maroc)",72,MonCallCenter Direct,"🎧 Apply on MonCallCenter",,2026-10-09 15:26,2026-10-14,https://www.moncallcenter.ma/offre-emploi/access-teleservices-nouvelle-grille-salariale-sur-du-telco-fai-nous-passons-a-5000-dh-net-primes-168129,https://www.moncallcenter.ma/offre-emploi/access-teleservices-nouvelle-grille-salariale-sur-du-telco-fai-nous-passons-a-5000-dh-net-primes-168129
mcc_143675,"Donnez de la voix à votre carrière.. et rejoignez bien plus qu’un centre d’appel !!","AXA Services Maroc","Rabat (Maroc)",72,MonCallCenter Direct,"🎧 Apply on MonCallCenter",,2026-10-09 15:26,2026-10-14,https://www.moncallcenter.ma/offre-emploi/nrg-conseils-donnez-de-la-voix-a-votre-carriere-et-rejoignez-bien-plus-qu-un-centre-d-appel-143675,https://www.moncallcenter.ma/offre-emploi/nrg-conseils-donnez-de-la-voix-a-votre-carriere-et-rejoignez-bien-plus-qu-un-centre-d-appel-143675
mcc_168305,"Rabat hassan (station tram al joulane) — si claire recrute son/sa gestionnaire assurance iard","AXA Services Maroc","Rabat (Maroc)",72,MonCallCenter Direct,"🎧 Apply on MonCallCenter",,2026-10-09 15:26,2026-10-14,https://www.moncallcenter.ma/offre-emploi/si-claire-rabat-hassan-station-tram-al-joulane-si-claire-recrute-son-sa-gestionnaire-assurance-iard-168305,https://www.moncallcenter.ma/offre-emploi/si-claire-rabat-hassan-station-tram-al-joulane-si-claire-recrute-son-sa-gestionnaire-assurance-iard-168305
mcc_168412,"Gestionnaire sinistres & relation client iard (h/f) | cabinet de courtage","AXA Services Maroc","Rabat (Maroc)",72,MonCallCenter Direct,"🎧 Apply on MonCallCenter",,2026-10-09 15:26,2026-10-14,https://www.moncallcenter.ma/offre-emploi/si-claire-gestionnaire-sinistres-amp-relation-client-iard-h-f-cabinet-de-courtage-168412,https://www.moncallcenter.ma/offre-emploi/si-claire-gestionnaire-sinistres-amp-relation-client-iard-h-f-cabinet-de-courtage-168412
mcc_84478,"Commerciaux expérimentés en emission d’appels italophones à salé","AXA Services Maroc","Rabat (Maroc)",72,MonCallCenter Direct,"🎧 Apply on MonCallCenter",,2026-10-09 15:26,2026-10-14,https://www.moncallcenter.ma/offre-emploi/r-service-commerciaux-experimentes-en-emission-d-appels-italophones-a-sale-84478,https://www.moncallcenter.ma/offre-emploi/r-service-commerciaux-experimentes-en-emission-d-appels-italophones-a-sale-84478
mcc_150648,"A rabat : recrutement de télévendeurs francophone,salaire fixe,primes déplafonnées","AXA Services Maroc","Rabat (Maroc)",72,MonCallCenter Direct,"🎧 Apply on MonCallCenter",,2026-10-09 15:26,2026-10-14,https://www.moncallcenter.ma/offre-emploi/r-service-a-rabat-recrutement-de-televendeurs-francophone-salaire-fixe-primes-deplafonnees-150648,https://www.moncallcenter.ma/offre-emploi/r-service-a-rabat-recrutement-de-televendeurs-francophone-salaire-fixe-primes-deplafonnees-150648
mcc_157275,"Urgent – recrutement immédiat sur 2 grands projets télécoms français (b/t)","AXA Services Maroc","Rabat (Maroc)",72,MonCallCenter Direct,"🎧 Apply on MonCallCenter",,2026-10-09 15:26,2026-10-14,https://www.moncallcenter.ma/offre-emploi/valtel-urgent-recrutement-immediat-sur-2-grands-projets-telecoms-francais-b-t-157275,https://www.moncallcenter.ma/offre-emploi/valtel-urgent-recrutement-immediat-sur-2-grands-projets-telecoms-francais-b-t-157275
mcc_168338,"Recrutement : commerciaux en assurance décennale","AXA Services Maroc","Rabat (Maroc)",72,MonCallCenter Direct,"🎧 Apply on MonCallCenter",,2026-10-09 15:26,2026-10-14,https://www.moncallcenter.ma/offre-emploi/meleine-succursale-recrutement-commerciaux-en-assurance-decennale-168338,https://www.moncallcenter.ma/offre-emploi/meleine-succursale-recrutement-commerciaux-en-assurance-decennale-168338
mcc_152338,"Méléine recrute des experts en mutuelle santé sur rabat !","AXA Services Maroc","Rabat (Maroc)",72,MonCallCenter Direct,"🎧 Apply on MonCallCenter",,2026-10-09 15:26,2026-10-14,https://www.moncallcenter.ma/offre-emploi/meleine-succursale-meleine-recrute-des-experts-en-mutuelle-sante-sur-rabat-152338,https://www.moncallcenter.ma/offre-emploi/meleine-succursale-meleine-recrute-des-experts-en-mutuelle-sante-sur-rabat-152338
mcc_162389,"Sales representative roles for arabic (levantine, gulf or middle east) & english speakers - rabat","AXA Services Maroc","Rabat (Maroc)",72,MonCallCenter Direct,"🎧 Apply on MonCallCenter",,2026-10-09 15:26,2026-10-14,https://www.moncallcenter.ma/offre-emploi/fortrade-ltd-sales-representative-roles-for-arabic-levantine-gulf-or-middle-east-amp-english-speakers-rabat-162389,https://www.moncallcenter.ma/offre-emploi/fortrade-ltd-sales-representative-roles-for-arabic-levantine-gulf-or-middle-east-amp-english-speakers-rabat-162389
mcc_162770,"Séniors mutuelle santé : l'expert, c'est vous . le cadre idéale, c'est nca - salaire jusqu'à 11000dh","AXA Services Maroc","Rabat (Maroc)",72,MonCallCenter Direct,"🎧 Apply on MonCallCenter",,2026-10-09 15:26,2026-10-14,https://www.moncallcenter.ma/offre-emploi/net-courtage-assurances-seniors-mutuelle-sante-l-expert-c-est-vous-le-cadre-ideale-c-est-nca-salaire-jusqu-a-11000dh-162770,https://www.moncallcenter.ma/offre-emploi/net-courtage-assurances-seniors-mutuelle-sante-l-expert-c-est-vous-le-cadre-ideale-c-est-nca-salaire-jusqu-a-11000dh-162770
mcc_163745,"L’expert, c’est vous. le cadre idéal, c’est nca.","AXA Services Maroc","Rabat (Maroc)",72,MonCallCenter Direct,"🎧 Apply on MonCallCenter",,2026-10-09 15:26,2026-10-14,https://www.moncallcenter.ma/offre-emploi/net-courtage-assurances-l-expert-c-est-vous-le-cadre-ideal-c-est-nca-163745,https://www.moncallcenter.ma/offre-emploi/net-courtage-assurances-l-expert-c-est-vous-le-cadre-ideal-c-est-nca-163745
mcc_128523,"Dans l immediat !! un spécialiste it bilingue (français/anglais)","AXA Services Maroc","Rabat (Maroc)",72,MonCallCenter Direct,"🎧 Apply on MonCallCenter",,2026-10-09 15:25,2026-10-14,https://www.moncallcenter.ma/offre-emploi/wengage-dans-l-immediat-un-specialiste-it-bilingue-francais-anglais-128523,https://www.moncallcenter.ma/offre-emploi/wengage-dans-l-immediat-un-specialiste-it-bilingue-francais-anglais-128523
mcc_159826,"Vous cherchez plus qu’un job ? nous aussi : axa recrute des conseillers passionnés","AXA Services Maroc","Rabat (Maroc)",72,MonCallCenter Direct,"🎧 Apply on MonCallCenter",,2026-10-09 15:25,2026-10-14,https://www.moncallcenter.ma/offre-emploi/axa-services-maroc-vous-cherchez-plus-qu-un-job-nous-aussi-axa-recrute-des-conseillers-passionnes-159826,https://www.moncallcenter.ma/offre-emploi/axa-services-maroc-vous-cherchez-plus-qu-un-job-nous-aussi-axa-recrute-des-conseillers-passionnes-159826
mcc_165628,"Conseiller clientèle – gestion sinistre habitation (rabat/salé – télétravail possible)","Concentrix","Rabat (Maroc)",72,MonCallCenter Direct,"🎧 Apply on MonCallCenter",,2026-10-09 15:25,2026-10-14,https://www.moncallcenter.ma/offre-emploi/concentrix-conseiller-clientele-gestion-sinistre-habitation-rabat-sale-teletravail-possible-165628,https://www.moncallcenter.ma/offre-emploi/concentrix-conseiller-clientele-gestion-sinistre-habitation-rabat-sale-teletravail-possible-165628
li_bpo_4474213811,"Agent-Reservations","The Ritz-Carlton Hotel Company, L.L.C.","Rabat, Rabat-Salé-Kénitra, Maroc",80,LinkedIn Direct Apply,"💼 Apply on LinkedIn",,2026-10-09 15:25,2026-10-14,https://ma.linkedin.com/jobs/view/agent-reservations-at-the-ritz-carlton-hotel-company-l-l-c-4474213811,https://ma.linkedin.com/jobs/view/agent-reservations-at-the-ritz-carlton-hotel-company-l-l-c-4474213811
li_bpo_4472150637,"Agent Royal Service","Fairmont Hotels & Resorts","Rabat, Rabat-Salé-Kénitra, Maroc",80,LinkedIn Direct Apply,"💼 Apply on LinkedIn",,2026-10-09 15:25,2026-10-14,https://ma.linkedin.com/jobs/view/agent-royal-service-at-fairmont-hotels-resorts-4472150637,https://ma.linkedin.com/jobs/view/agent-royal-service-at-fairmont-hotels-resorts-4472150637
li_bpo_4474216686,"Reservations Agent","The Ritz-Carlton Hotel Company, L.L.C.","Rabat, Rabat-Salé-Kénitra, Maroc",80,LinkedIn Direct Apply,"💼 Apply on LinkedIn",,2026-10-09 15:25,2026-10-14,https://ma.linkedin.com/jobs/view/reservations-agent-at-the-ritz-carlton-hotel-company-l-l-c-4474216686,https://ma.linkedin.com/jobs/view/reservations-agent-at-the-ritz-carlton-hotel-company-l-l-c-4474216686
li_bpo_4426877513,"Conseiller Client (F/H) - Service client - Rabat- Néerlandophones","Concentrix","Rabat, Rabat-Salé-Kénitra, Maroc",80,LinkedIn Direct Apply,"💼 Apply on LinkedIn",,2026-10-09 15:25,2026-10-14,https://ma.linkedin.com/jobs/view/conseiller-client-f-h-service-client-rabat-n%C3%A9erlandophones-at-concentrix-4426877513,https://ma.linkedin.com/jobs/view/conseiller-client-f-h-service-client-rabat-n%C3%A9erlandophones-at-concentrix-4426877513
li_bpo_4410662014,"Conseiller Client (F/H) - Service client - Kénitra- ENG/Français","Concentrix","Cercle de Kenitra-Banlieue, Rabat-Salé-Kénitra, Maroc",80,LinkedIn Direct Apply,"💼 Apply on LinkedIn",,2026-10-09 15:25,2026-10-14,https://ma.linkedin.com/jobs/view/conseiller-client-f-h-service-client-k%C3%A9nitra-eng-fran%C3%A7ais-at-concentrix-4410662014,https://ma.linkedin.com/jobs/view/conseiller-client-f-h-service-client-k%C3%A9nitra-eng-fran%C3%A7ais-at-concentrix-4410662014
li_bpo_4464577243,"Customer analyst","Lear Corporation","Kénitra, Rabat-Salé-Kénitra, Maroc",80,LinkedIn Direct Apply,"💼 Apply on LinkedIn",,2026-10-09 15:25,2026-10-14,https://ma.linkedin.com/jobs/view/customer-analyst-at-lear-corporation-4464577243,https://ma.linkedin.com/jobs/view/customer-analyst-at-lear-corporation-4464577243
li_bpo_4444439932,"Finance Associate","Ladgov Corporation","Cercle de Kenitra-Banlieue, Rabat-Salé-Kénitra, Maroc",80,LinkedIn Direct Apply,"💼 Apply on LinkedIn",,2026-10-09 15:25,2026-10-14,https://ma.linkedin.com/jobs/view/finance-associate-at-ladgov-corporation-4444439932,https://ma.linkedin.com/jobs/view/finance-associate-at-ladgov-corporation-4444439932
li_bpo_4474317651,"Chargé d’assistance","AXA Services Maroc","Rabat, Rabat-Salé-Kénitra, Maroc",80,LinkedIn Direct Apply,"💼 Apply on LinkedIn",,2026-10-09 15:25,2026-10-14,https://ma.linkedin.com/jobs/view/charg%C3%A9-d%E2%80%99assistance-at-axa-services-maroc-4474317651,https://ma.linkedin.com/jobs/view/charg%C3%A9-d%E2%80%99assistance-at-axa-services-maroc-4474317651
li_bpo_4458969395,"Team Member - Service Consultant - P-5","VFS Global","Rabat, Rabat-Salé-Kénitra, Maroc",80,LinkedIn Direct Apply,"💼 Apply on LinkedIn",,2026-10-09 15:25,2026-10-14,https://ma.linkedin.com/jobs/view/team-member-service-consultant-p-5-at-vfs-global-4458969395,https://ma.linkedin.com/jobs/view/team-member-service-consultant-p-5-at-vfs-global-4458969395
li_bpo_4476744276,"Join the Nespresso Team! B2B Specialists Wanted at Foundever Rabat","Foundever","Agdal Riyad, Rabat-Salé-Kénitra, Maroc",80,LinkedIn Direct Apply,"💼 Apply on LinkedIn",,2026-10-09 15:25,2026-10-14,https://ma.linkedin.com/jobs/view/join-the-nespresso-team%21-b2b-specialists-wanted-at-foundever-rabat-at-foundever-4476744276,https://ma.linkedin.com/jobs/view/join-the-nespresso-team%21-b2b-specialists-wanted-at-foundever-rabat-at-foundever-4476744276
li_bpo_4475948588,"Officer - Operations - P5","VFS Global","Rabat, Rabat-Salé-Kénitra, Maroc",80,LinkedIn Direct Apply,"💼 Apply on LinkedIn",,2026-10-09 15:24,2026-10-14,https://ma.linkedin.com/jobs/view/officer-operations-p5-at-vfs-global-4475948588,https://ma.linkedin.com/jobs/view/officer-operations-p5-at-vfs-global-4475948588
ma_bpo_10466164,"Administrative Bilingue(Agfr)","Centre d'Appels & Télé-services","Salé (Maroc)",80,Marocannonces / Portail,"🔗 Apply Link Ready",,2026-10-09 15:24,2026-10-14,https://www.marocannonces.com/categorie/313/Freelance/annonce/10466164/administrative-bilingue(AGFR).html,https://www.marocannonces.com/categorie/313/Freelance/annonce/10466164/administrative-bilingue(AGFR).html
ma_bpo_10467154,"Restructurez, Optimisez, Performez – Daf Extern","Centre d'Appels & Télé-services","Salé (Maroc)",80,Marocannonces / Portail,"🔗 Apply Link Ready",,2026-10-09 15:24,2026-10-14,https://www.marocannonces.com/categorie/313/Freelance/annonce/10467154/RESTRUCTUREZ,-OPTIMISEZ,-PERFORMEZ-–-DAF-EXTERN.html,https://www.marocannonces.com/categorie/313/Freelance/annonce/10467154/RESTRUCTUREZ,-OPTIMISEZ,-PERFORMEZ-–-DAF-EXTERN.html
ma_bpo_10459683,"Infographiste","Centre d'Appels & Télé-services","Salé (Maroc)",80,Marocannonces / Portail,"🔗 Apply Link Ready",,2026-10-09 15:24,2026-10-14,https://www.marocannonces.com/categorie/313/Freelance/annonce/10459683/Infographiste.html,https://www.marocannonces.com/categorie/313/Freelance/annonce/10459683/Infographiste.html
ma_bpo_10450148,"Responsable Financier Comptable","Centre d'Appels & Télé-services","Salé (Maroc)",80,Marocannonces / Portail,"🔗 Apply Link Ready",,2026-10-09 15:24,2026-10-14,https://www.marocannonces.com/categorie/313/Freelance/annonce/10450148/RESPONSABLE-FINANCIER-COMPTABLE.html,https://www.marocannonces.com/categorie/313/Freelance/annonce/10450148/RESPONSABLE-FINANCIER-COMPTABLE.html
ma_bpo_10469446,"Professeur Anglaisespagnol","Centre d'Appels & Télé-services","Salé (Maroc)",80,Marocannonces / Portail,"🔗 Apply Link Ready",,2026-10-09 15:24,2026-10-14,https://www.marocannonces.com/categorie/313/Freelance/annonce/10469446/Professeur-anglaisespagnol.html,https://www.marocannonces.com/categorie/313/Freelance/annonce/10469446/Professeur-anglaisespagnol.html
ma_bpo_10466548,"Prestataire – Comptabilité, Fiscalité Et Audit","Centre d'Appels & Télé-services","Salé (Maroc)",80,Marocannonces / Portail,"🔗 Apply Link Ready",,2026-10-09 15:24,2026-10-14,https://www.marocannonces.com/categorie/313/Freelance/annonce/10466548/Prestataire-–-Comptabilité,-Fiscalité-et-Audit.html,https://www.marocannonces.com/categorie/313/Freelance/annonce/10466548/Prestataire-–-Comptabilité,-Fiscalité-et-Audit.html
ma_bpo_10380868,"Dessinateur 3D – Visualisation Architecturale","Centre d'Appels & Télé-services","Salé (Maroc)",80,Marocannonces / Portail,"🔗 Apply Link Ready",,2026-10-09 15:24,2026-10-14,https://www.marocannonces.com/categorie/313/Freelance/annonce/10380868/Dessinateur-3D-–-Visualisation-Architecturale.html,https://www.marocannonces.com/categorie/313/Freelance/annonce/10380868/Dessinateur-3D-–-Visualisation-Architecturale.html
ma_bpo_10468321,"Restructuration • Audit • Performance","Centre d'Appels & Télé-services","Salé (Maroc)",80,Marocannonces / Portail,"🔗 Apply Link Ready",,2026-10-09 15:24,2026-10-14,https://www.marocannonces.com/categorie/313/Freelance/annonce/10468321/RESTRUCTURATION-•-AUDIT-•-PERFORMANCE.html,https://www.marocannonces.com/categorie/313/Freelance/annonce/10468321/RESTRUCTURATION-•-AUDIT-•-PERFORMANCE.html
ma_bpo_10464755,"Dessin De Plans 2D Et 3D","Centre d'Appels & Télé-services","Salé (Maroc)",80,Marocannonces / Portail,"🔗 Apply Link Ready",,2026-10-09 15:24,2026-10-14,https://www.marocannonces.com/categorie/313/Freelance/annonce/10464755/Dessin-de-plans-2D-et-3D.html,https://www.marocannonces.com/categorie/313/Freelance/annonce/10464755/Dessin-de-plans-2D-et-3D.html
ma_bpo_10464296,"Chargée Appel Doffre","Centre d'Appels & Télé-services","Salé (Maroc)",80,Marocannonces / Portail,"🔗 Apply Link Ready",,2026-10-09 15:24,2026-10-14,https://www.marocannonces.com/categorie/313/Freelance/annonce/10464296/Chargée-appel-doffre.html,https://www.marocannonces.com/categorie/313/Freelance/annonce/10464296/Chargée-appel-doffre.html
ma_bpo_10465514,"Formateur En Droit","Centre d'Appels & Télé-services","Salé (Maroc)",80,Marocannonces / Portail,"🔗 Apply Link Ready",,2026-10-09 15:24,2026-10-14,https://www.marocannonces.com/categorie/313/Freelance/annonce/10465514/Formateur-en-droit.html,https://www.marocannonces.com/categorie/313/Freelance/annonce/10465514/Formateur-en-droit.html
ma_bpo_10461855,"Auditeur Freelance – Missions Ponctuelles","Centre d'Appels & Télé-services","Salé (Maroc)",80,Marocannonces / Portail,"🔗 Apply Link Ready",,2026-10-09 15:24,2026-10-14,https://www.marocannonces.com/categorie/313/Freelance/annonce/10461855/AUDITEUR-FREELANCE-–-MISSIONS-PONCTUELLES.html,https://www.marocannonces.com/categorie/313/Freelance/annonce/10461855/AUDITEUR-FREELANCE-–-MISSIONS-PONCTUELLES.html
ma_bpo_10443191,"Commercial Terrain Freelance","Centre d'Appels & Télé-services","Salé (Maroc)",80,Marocannonces / Portail,"🔗 Apply Link Ready",,2026-10-09 15:24,2026-10-14,https://www.marocannonces.com/categorie/313/Freelance/annonce/10443191/Commercial-Terrain-Freelance.html,https://www.marocannonces.com/categorie/313/Freelance/annonce/10443191/Commercial-Terrain-Freelance.html
ma_bpo_10469583,"Expert Seo Casablanca Référencement Google","Centre d'Appels & Télé-services","Salé (Maroc)",80,Marocannonces / Portail,"🔗 Apply Link Ready",,2026-10-09 15:24,2026-10-14,https://www.marocannonces.com/categorie/313/Freelance/annonce/10469583/Expert-SEO-Casablanca-Référencement-Google.html,https://www.marocannonces.com/categorie/313/Freelance/annonce/10469583/Expert-SEO-Casablanca-Référencement-Google.html
ma_bpo_10466534,"Direction Financière Externalisée","Centre d'Appels & Télé-services","Salé (Maroc)",80,Marocannonces / Portail,"🔗 Apply Link Ready",,2026-10-09 15:24,2026-10-14,https://www.marocannonces.com/categorie/313/Freelance/annonce/10466534/Direction-financiÈre-externalisÉe.html,https://www.marocannonces.com/categorie/313/Freelance/annonce/10466534/Direction-financiÈre-externalisÉe.html
ma_bpo_10466164,"Administrative Bilingue(Agfr)","Centre d'Appels & Télé-services","Rabat (Maroc)",80,Marocannonces / Portail,"🔗 Apply Link Ready",,2026-10-09 15:24,2026-10-14,https://www.marocannonces.com/categorie/313/Freelance/annonce/10466164/administrative-bilingue(AGFR).html,https://www.marocannonces.com/categorie/313/Freelance/annonce/10466164/administrative-bilingue(AGFR).html
ma_bpo_10467154,"Restructurez, Optimisez, Performez – Daf Extern","Centre d'Appels & Télé-services","Rabat (Maroc)",80,Marocannonces / Portail,"🔗 Apply Link Ready",,2026-10-09 15:24,2026-10-14,https://www.marocannonces.com/categorie/313/Freelance/annonce/10467154/RESTRUCTUREZ,-OPTIMISEZ,-PERFORMEZ-–-DAF-EXTERN.html,https://www.marocannonces.com/categorie/313/Freelance/annonce/10467154/RESTRUCTUREZ,-OPTIMISEZ,-PERFORMEZ-–-DAF-EXTERN.html
ma_bpo_10459683,"Infographiste","Centre d'Appels & Télé-services","Rabat (Maroc)",80,Marocannonces / Portail,"🔗 Apply Link Ready",,2026-10-09 15:24,2026-10-14,https://www.marocannonces.com/categorie/313/Freelance/annonce/10459683/Infographiste.html,https://www.marocannonces.com/categorie/313/Freelance/annonce/10459683/Infographiste.html
ma_bpo_10450148,"Responsable Financier Comptable","Centre d'Appels & Télé-services","Rabat (Maroc)",80,Marocannonces / Portail,"🔗 Apply Link Ready",,2026-10-09 15:24,2026-10-14,https://www.marocannonces.com/categorie/313/Freelance/annonce/10450148/RESPONSABLE-FINANCIER-COMPTABLE.html,https://www.marocannonces.com/categorie/313/Freelance/annonce/10450148/RESPONSABLE-FINANCIER-COMPTABLE.html
ma_bpo_10469446,"Professeur Anglaisespagnol","Centre d'Appels & Télé-services","Rabat (Maroc)",80,Marocannonces / Portail,"🔗 Apply Link Ready",,2026-10-09 15:24,2026-10-14,https://www.marocannonces.com/categorie/313/Freelance/annonce/10469446/Professeur-anglaisespagnol.html,https://www.marocannonces.com/categorie/313/Freelance/annonce/10469446/Professeur-anglaisespagnol.html
ma_bpo_10466548,"Prestataire – Comptabilité, Fiscalité Et Audit","Centre d'Appels & Télé-services","Rabat (Maroc)",80,Marocannonces / Portail,"🔗 Apply Link Ready",,2026-10-09 15:24,2026-10-14,https://www.marocannonces.com/categorie/313/Freelance/annonce/10466548/Prestataire-–-Comptabilité,-Fiscalité-et-Audit.html,https://www.marocannonces.com/categorie/313/Freelance/annonce/10466548/Prestataire-–-Comptabilité,-Fiscalité-et-Audit.html
ma_bpo_10380868,"Dessinateur 3D – Visualisation Architecturale","Centre d'Appels & Télé-services","Rabat (Maroc)",80,Marocannonces / Portail,"🔗 Apply Link Ready",,2026-10-09 15:24,2026-10-14,https://www.marocannonces.com/categorie/313/Freelance/annonce/10380868/Dessinateur-3D-–-Visualisation-Architecturale.html,https://www.marocannonces.com/categorie/313/Freelance/annonce/10380868/Dessinateur-3D-–-Visualisation-Architecturale.html
ma_bpo_10468321,"Restructuration • Audit • Performance","Centre d'Appels & Télé-services","Rabat (Maroc)",80,Marocannonces / Portail,"🔗 Apply Link Ready",,2026-10-09 15:24,2026-10-14,https://www.marocannonces.com/categorie/313/Freelance/annonce/10468321/RESTRUCTURATION-•-AUDIT-•-PERFORMANCE.html,https://www.marocannonces.com/categorie/313/Freelance/annonce/10468321/RESTRUCTURATION-•-AUDIT-•-PERFORMANCE.html
ma_bpo_10464755,"Dessin De Plans 2D Et 3D","Centre d'Appels & Télé-services","Rabat (Maroc)",80,Marocannonces / Portail,"🔗 Apply Link Ready",,2026-10-09 15:24,2026-10-14,https://www.marocannonces.com/categorie/313/Freelance/annonce/10464755/Dessin-de-plans-2D-et-3D.html,https://www.marocannonces.com/categorie/313/Freelance/annonce/10464755/Dessin-de-plans-2D-et-3D.html
ma_bpo_10464296,"Chargée Appel Doffre","Centre d'Appels & Télé-services","Rabat (Maroc)",80,Marocannonces / Portail,"🔗 Apply Link Ready",,2026-10-09 15:23,2026-10-14,https://www.marocannonces.com/categorie/313/Freelance/annonce/10464296/Chargée-appel-doffre.html,https://www.marocannonces.com/categorie/313/Freelance/annonce/10464296/Chargée-appel-doffre.html
ma_bpo_10465514,"Formateur En Droit","Centre d'Appels & Télé-services","Rabat (Maroc)",80,Marocannonces / Portail,"🔗 Apply Link Ready",,2026-10-09 15:23,2026-10-14,https://www.marocannonces.com/categorie/313/Freelance/annonce/10465514/Formateur-en-droit.html,https://www.marocannonces.com/categorie/313/Freelance/annonce/10465514/Formateur-en-droit.html
ma_bpo_10461855,"Auditeur Freelance – Missions Ponctuelles","Centre d'Appels & Télé-services","Rabat (Maroc)",80,Marocannonces / Portail,"🔗 Apply Link Ready",,2026-10-09 15:23,2026-10-14,https://www.marocannonces.com/categorie/313/Freelance/annonce/10461855/AUDITEUR-FREELANCE-–-MISSIONS-PONCTUELLES.html,https://www.marocannonces.com/categorie/313/Freelance/annonce/10461855/AUDITEUR-FREELANCE-–-MISSIONS-PONCTUELLES.html
ma_bpo_10443191,"Commercial Terrain Freelance","Centre d'Appels & Télé-services","Rabat (Maroc)",80,Marocannonces / Portail,"🔗 Apply Link Ready",,2026-10-09 15:23,2026-10-14,https://www.marocannonces.com/categorie/313/Freelance/annonce/10443191/Commercial-Terrain-Freelance.html,https://www.marocannonces.com/categorie/313/Freelance/annonce/10443191/Commercial-Terrain-Freelance.html
ma_bpo_10469583,"Expert Seo Casablanca Référencement Google","Centre d'Appels & Télé-services","Rabat (Maroc)",80,Marocannonces / Portail,"🔗 Apply Link Ready",,2026-10-09 15:23,2026-10-14,https://www.marocannonces.com/categorie/313/Freelance/annonce/10469583/Expert-SEO-Casablanca-Référencement-Google.html,https://www.marocannonces.com/categorie/313/Freelance/annonce/10469583/Expert-SEO-Casablanca-Référencement-Google.html
ma_bpo_10466534,"Direction Financière Externalisée","Centre d'Appels & Télé-services","Rabat (Maroc)",80,Marocannonces / Portail,"🔗 Apply Link Ready",,2026-10-09 15:23,2026-10-14,https://www.marocannonces.com/categorie/313/Freelance/annonce/10466534/Direction-financiÈre-externalisÉe.html,https://www.marocannonces.com/categorie/313/Freelance/annonce/10466534/Direction-financiÈre-externalisÉe.html
rek_bpo_186890,"Guichetierseres Payeursses","Credit","Salé / Technopolis (Maroc)",80,Rekrute Direct,"🔗 Apply Link Ready",,2026-10-09 15:23,2026-10-14,https://www.rekrute.com/offre-emploi-guichetierseres-payeursses-recrutement-credit-agricole-rabat-sale-kenitra-186890.html,https://www.rekrute.com/offre-emploi-guichetierseres-payeursses-recrutement-credit-agricole-rabat-sale-kenitra-186890.html
rek_bpo_187208,"Chef De Projets Talent Developpement","Axa","Télétravail (Maroc)",80,Rekrute Direct,"🔗 Apply Link Ready",,2026-10-09 15:23,2026-10-14,https://www.rekrute.com/offre-emploi-chef-de-projets-talent-developpement-recrutement-axa-services-maroc-rabat-187208.html,https://www.rekrute.com/offre-emploi-chef-de-projets-talent-developpement-recrutement-axa-services-maroc-rabat-187208.html
rek_bpo_187210,"Receptionniste","Jameel","Télétravail (Maroc)",80,Rekrute Direct,"🔗 Apply Link Ready",,2026-10-09 15:22,2026-10-14,https://www.rekrute.com/offre-emploi-receptionniste-recrutement-jameel-motors-rabat-187210.html,https://www.rekrute.com/offre-emploi-receptionniste-recrutement-jameel-motors-rabat-187210.html
rek_bpo_187236,"Conseillerere Clientele En Assurance Cdi Primes","Foundever","Télétravail (Maroc)",80,Rekrute Direct,"🔗 Apply Link Ready",,2026-10-09 15:22,2026-10-14,https://www.rekrute.com/offre-emploi-conseillerere-clientele-en-assurance-cdi-primes-recrutement-foundever-ex-sitel-group-rabat-187236.html,https://www.rekrute.com/offre-emploi-conseillerere-clientele-en-assurance-cdi-primes-recrutement-foundever-ex-sitel-group-rabat-187236.html
rek_bpo_185481,"Conseiller Client Fh   Service Client   Rabat   Francais","Concentrix","Télétravail (Maroc)",80,Rekrute Direct,"🔗 Apply Link Ready",,2026-10-09 15:22,2026-10-14,https://www.rekrute.com/offre-emploi-conseiller-client-fh---service-client---rabat---francais-recrutement-concentrix-rabat-185481.html,https://www.rekrute.com/offre-emploi-conseiller-client-fh---service-client---rabat---francais-recrutement-concentrix-rabat-185481.html
rek_bpo_186220,"Finance Business Partner Controleur De Gestion Seniorhf","Axa","Salé / Technopolis (Maroc)",80,Rekrute Direct,"🔗 Apply Link Ready",,2026-10-09 15:22,2026-10-14,https://www.rekrute.com/offre-emploi-finance-business-partner-controleur-de-gestion-seniorhf-recrutement-axa-services-maroc-sale-186220.html,https://www.rekrute.com/offre-emploi-finance-business-partner-controleur-de-gestion-seniorhf-recrutement-axa-services-maroc-sale-186220.html
rek_bpo_187291,"Agent Baf Back Office Polyvalent Hf","Hopital","Salé / Technopolis (Maroc)",80,Rekrute Direct,"🔗 Apply Link Ready",,2026-10-09 15:22,2026-10-14,https://www.rekrute.com/offre-emploi-agent-baf-back-office-polyvalent-hf-recrutement-hopital-uir---lhopital-universitaire-international-de-rabat-rabat-187291.html,https://www.rekrute.com/offre-emploi-agent-baf-back-office-polyvalent-hf-recrutement-hopital-uir---lhopital-universitaire-international-de-rabat-rabat-187291.html
li_bpo_4469681514,"Dutch-Speaking Customer Advisor – Telecommunications","Kats Recruitment","Rabat, Rabat-Salé-Kénitra, Maroc",96,LinkedIn Direct Apply,"💼 Apply on LinkedIn",,2026-10-09 15:22,2026-10-14,https://ma.linkedin.com/jobs/view/dutch-speaking-customer-advisor-%E2%80%93-telecommunications-at-kats-recruitment-4469681514,https://ma.linkedin.com/jobs/view/dutch-speaking-customer-advisor-%E2%80%93-telecommunications-at-kats-recruitment-4469681514
li_bpo_4466504585,"Analyst Customer care","HCLTech","Préfecture de Rabat, Rabat-Salé-Kénitra, Maroc",96,LinkedIn Direct Apply,"💼 Apply on LinkedIn",,2026-10-09 15:22,2026-10-14,https://ma.linkedin.com/jobs/view/analyst-customer-care-at-hcltech-4466504585,https://ma.linkedin.com/jobs/view/analyst-customer-care-at-hcltech-4466504585
rek_bpo_187030,"Conseiller En Ressources Humaines Volet Disciplinaireconseildev Rh","Axa","Télétravail (Maroc)",96,Rekrute Direct,"🔗 Apply Link Ready",,2026-10-09 15:22,2026-10-14,https://www.rekrute.com/offre-emploi-conseiller-en-ressources-humaines-volet-disciplinaireconseildev-rh-recrutement-axa-services-maroc-rabat-187030.html,https://www.rekrute.com/offre-emploi-conseiller-en-ressources-humaines-volet-disciplinaireconseildev-rh-recrutement-axa-services-maroc-rabat-187030.html
rek_bpo_187081,"Ingenieur Reseau Securite Fh","Sofrecom","Salé / Technopolis (Maroc)",96,Rekrute Direct,"🔗 Apply Link Ready",,2026-10-09 15:21,2026-10-14,https://www.rekrute.com/offre-emploi-ingenieur-reseau-securite-fh-recrutement-sofrecom-maroc-rabat-187081.html,https://www.rekrute.com/offre-emploi-ingenieur-reseau-securite-fh-recrutement-sofrecom-maroc-rabat-187081.html
wwr_736544,"Machine Learning Engineer","Jumio","100% Remote (Worldwide)",75,WeWorkRemotely (Remote),"🌐 Global Apply Link",,2026-10-09 14:11,2026-10-14,https://weworkremotely.com/remote-jobs/jumio-machine-learning-engineer,https://weworkremotely.com/remote-jobs/jumio-machine-learning-engineer
wwr_835137,"Machine Learning Engineer - IV (Biometrics)","Jumio","100% Remote (Worldwide)",75,WeWorkRemotely (Remote),"🌐 Global Apply Link",,2026-10-09 14:11,2026-10-14,https://weworkremotely.com/remote-jobs/jumio-machine-learning-engineer-iv-biometrics,https://weworkremotely.com/remote-jobs/jumio-machine-learning-engineer-iv-biometrics
wwr_485286,"Backend Engineer, IAM","Reddit","100% Remote (Worldwide)",80,WeWorkRemotely (Remote),"🌐 Global Apply Link",,2026-10-09 14:11,2026-10-14,https://weworkremotely.com/remote-jobs/reddit-backend-engineer-iam,https://weworkremotely.com/remote-jobs/reddit-backend-engineer-iam
wwr_309117,"Senior Java Developer","Twikey","100% Remote (Worldwide)",80,WeWorkRemotely (Remote),"🌐 Global Apply Link",,2026-10-09 14:11,2026-10-14,https://weworkremotely.com/remote-jobs/twikey-senior-java-developer,https://weworkremotely.com/remote-jobs/twikey-senior-java-developer
wwr_816293,"Engineering Manager II, Media Rendering","Pinterest","100% Remote (Worldwide)",80,WeWorkRemotely (Remote),"🌐 Global Apply Link",,2026-10-09 14:11,2026-10-14,https://weworkremotely.com/remote-jobs/pinterest-engineering-manager-ii-media-rendering,https://weworkremotely.com/remote-jobs/pinterest-engineering-manager-ii-media-rendering
wwr_873582,"Abuse Research Engineer","Stripe","100% Remote (Worldwide)",80,WeWorkRemotely (Remote),"🌐 Global Apply Link",,2026-10-09 14:11,2026-10-14,https://weworkremotely.com/remote-jobs/stripe-abuse-research-engineer,https://weworkremotely.com/remote-jobs/stripe-abuse-research-engineer
wwr_569266,"Backend Engineer, Control Plane","Tailscale","100% Remote (Worldwide)",80,WeWorkRemotely (Remote),"🌐 Global Apply Link",,2026-10-09 14:11,2026-10-14,https://weworkremotely.com/remote-jobs/tailscale-backend-engineer-control-plane,https://weworkremotely.com/remote-jobs/tailscale-backend-engineer-control-plane
wwr_569266,"Backend Engineer, Control Plane","Tailscale","100% Remote (Worldwide)",80,WeWorkRemotely (Remote),"🌐 Global Apply Link",,2026-10-09 14:11,2026-10-14,https://weworkremotely.com/remote-jobs/tailscale-backend-engineer-control-plane,https://weworkremotely.com/remote-jobs/tailscale-backend-engineer-control-plane
wwr_364242,"Backend Engineer (Multiple Positions)","LaunchDarkly","100% Remote (Worldwide)",80,WeWorkRemotely (Remote),"🌐 Global Apply Link",,2026-10-09 14:11,2026-10-14,https://weworkremotely.com/remote-jobs/launchdarkly-backend-engineer-multiple-positions,https://weworkremotely.com/remote-jobs/launchdarkly-backend-engineer-multiple-positions
wwr_363150,"Software Engineer - Query Execution","Dremio","100% Remote (Worldwide)",80,WeWorkRemotely (Remote),"🌐 Global Apply Link",,2026-10-09 14:11,2026-10-14,https://weworkremotely.com/remote-jobs/dremio-software-engineer-query-execution,https://weworkremotely.com/remote-jobs/dremio-software-engineer-query-execution
wwr_237706,"Director of Security Engineering","Abnormal","100% Remote (Worldwide)",96,WeWorkRemotely (Remote),"🌐 Global Apply Link",,2026-10-09 14:11,2026-10-14,https://weworkremotely.com/remote-jobs/abnormal-director-of-security-engineering,https://weworkremotely.com/remote-jobs/abnormal-director-of-security-engineering
wwr_401162,"Machine Learning Engineer","Jumio","100% Remote (Worldwide)",75,WeWorkRemotely (Remote),"🌐 Global Apply Link",,2026-10-09 14:06,2026-10-14,https://weworkremotely.com/remote-jobs/jumio-machine-learning-engineer,https://weworkremotely.com/remote-jobs/jumio-machine-learning-engineer
wwr_823675,"Machine Learning Engineer - IV (Biometrics)","Jumio","100% Remote (Worldwide)",75,WeWorkRemotely (Remote),"🌐 Global Apply Link",,2026-10-09 14:06,2026-10-14,https://weworkremotely.com/remote-jobs/jumio-machine-learning-engineer-iv-biometrics,https://weworkremotely.com/remote-jobs/jumio-machine-learning-engineer-iv-biometrics
wwr_864365,"Backend Engineer, IAM","Reddit","100% Remote (Worldwide)",80,WeWorkRemotely (Remote),"🌐 Global Apply Link",,2026-10-09 14:06,2026-10-14,https://weworkremotely.com/remote-jobs/reddit-backend-engineer-iam,https://weworkremotely.com/remote-jobs/reddit-backend-engineer-iam
wwr_981615,"Senior Java Developer","Twikey","100% Remote (Worldwide)",80,WeWorkRemotely (Remote),"🌐 Global Apply Link",,2026-10-09 14:06,2026-10-14,https://weworkremotely.com/remote-jobs/twikey-senior-java-developer,https://weworkremotely.com/remote-jobs/twikey-senior-java-developer
wwr_998994,"Engineering Manager II, Media Rendering","Pinterest","100% Remote (Worldwide)",80,WeWorkRemotely (Remote),"🌐 Global Apply Link",,2026-10-09 14:06,2026-10-14,https://weworkremotely.com/remote-jobs/pinterest-engineering-manager-ii-media-rendering,https://weworkremotely.com/remote-jobs/pinterest-engineering-manager-ii-media-rendering
wwr_123720,"Abuse Research Engineer","Stripe","100% Remote (Worldwide)",80,WeWorkRemotely (Remote),"🌐 Global Apply Link",,2026-10-09 14:06,2026-10-14,https://weworkremotely.com/remote-jobs/stripe-abuse-research-engineer,https://weworkremotely.com/remote-jobs/stripe-abuse-research-engineer
wwr_42315,"Backend Engineer, Control Plane","Tailscale","100% Remote (Worldwide)",80,WeWorkRemotely (Remote),"🌐 Global Apply Link",,2026-10-09 14:06,2026-10-14,https://weworkremotely.com/remote-jobs/tailscale-backend-engineer-control-plane,https://weworkremotely.com/remote-jobs/tailscale-backend-engineer-control-plane
wwr_42315,"Backend Engineer, Control Plane","Tailscale","100% Remote (Worldwide)",80,WeWorkRemotely (Remote),"🌐 Global Apply Link",,2026-10-09 14:06,2026-10-14,https://weworkremotely.com/remote-jobs/tailscale-backend-engineer-control-plane,https://weworkremotely.com/remote-jobs/tailscale-backend-engineer-control-plane
wwr_773773,"Backend Engineer (Multiple Positions)","LaunchDarkly","100% Remote (Worldwide)",80,WeWorkRemotely (Remote),"🌐 Global Apply Link",,2026-10-09 14:06,2026-10-14,https://weworkremotely.com/remote-jobs/launchdarkly-backend-engineer-multiple-positions,https://weworkremotely.com/remote-jobs/launchdarkly-backend-engineer-multiple-positions
wwr_222574,"Software Engineer - Query Execution","Dremio","100% Remote (Worldwide)",80,WeWorkRemotely (Remote),"🌐 Global Apply Link",,2026-10-09 14:06,2026-10-14,https://weworkremotely.com/remote-jobs/dremio-software-engineer-query-execution,https://weworkremotely.com/remote-jobs/dremio-software-engineer-query-execution
wwr_836073,"Director of Security Engineering","Abnormal","100% Remote (Worldwide)",96,WeWorkRemotely (Remote),"🌐 Global Apply Link",,2026-10-09 14:06,2026-10-14,https://weworkremotely.com/remote-jobs/abnormal-director-of-security-engineering,https://weworkremotely.com/remote-jobs/abnormal-director-of-security-engineering
li_4465624911,"FULL STACK AI ENGINEER","AGC Glass Europe","Kénitra, Rabat-Salé-Kénitra, Maroc",70,LinkedIn Direct Apply,"💼 Apply on LinkedIn",,2026-10-09 14:06,2026-10-14,https://ma.linkedin.com/jobs/view/full-stack-ai-engineer-at-agc-glass-europe-4465624911,https://ma.linkedin.com/jobs/view/full-stack-ai-engineer-at-agc-glass-europe-4465624911
li_4438188531,"AI & Analytics - Sr. Software Engineer with AI Background - Casablanca","Infomineo","Casablanca, Casablanca-Settat, Maroc",80,LinkedIn Direct Apply,"💼 Apply on LinkedIn",,2026-10-09 14:06,2026-10-14,https://ma.linkedin.com/jobs/view/ai-analytics-sr-software-engineer-with-ai-background-casablanca-at-infomineo-4438188531,https://ma.linkedin.com/jobs/view/ai-analytics-sr-software-engineer-with-ai-background-casablanca-at-infomineo-4438188531
li_4391513543,"Full Stack Developer Node.js/ React js","MyUnisoft","Rabat, Rabat-Salé-Kénitra, Maroc",80,LinkedIn Direct Apply,"💼 Apply on LinkedIn",,2026-10-09 14:06,2026-10-14,https://ma.linkedin.com/jobs/view/full-stack-developer-node-js-react-js-at-myunisoft-4391513543,https://ma.linkedin.com/jobs/view/full-stack-developer-node-js-react-js-at-myunisoft-4391513543
li_4378960665,"Software engineer","Orange Business","Hssaine, Rabat-Salé-Kénitra, Maroc",80,LinkedIn Direct Apply,"💼 Apply on LinkedIn",,2026-10-09 14:06,2026-10-14,https://ma.linkedin.com/jobs/view/software-engineer-at-orange-business-4378960665,https://ma.linkedin.com/jobs/view/software-engineer-at-orange-business-4378960665
li_4470305278,"Data Analyst & Power BI (Spanish)","AXA Global Business Services (AXA GBS)","Rabat-Salé-Kénitra, Maroc",80,LinkedIn Direct Apply,"💼 Apply on LinkedIn",,2026-10-09 14:06,2026-10-14,https://ma.linkedin.com/jobs/view/data-analyst-power-bi-spanish-at-axa-global-business-services-axa-gbs-4470305278,https://ma.linkedin.com/jobs/view/data-analyst-power-bi-spanish-at-axa-global-business-services-axa-gbs-4470305278
ma_10463272,"Agent De Billetterie Amadues Rabat","Entreprise Partenaire (Maroc)","Kénitra (Maroc)",80,Marocannonces / Portail,"🔗 Apply Link Ready",,2026-10-09 14:06,2026-10-14,https://www.marocannonces.com/categorie/309/Offres-emploi/annonce/10463272/Agent-de-billetterie-Amadues-Rabat.html,https://www.marocannonces.com/categorie/309/Offres-emploi/annonce/10463272/Agent-de-billetterie-Amadues-Rabat.html
ma_10463272,"Agent De Billetterie Amadues Rabat","Entreprise Partenaire (Maroc)","Salé (Maroc)",80,Marocannonces / Portail,"🔗 Apply Link Ready",,2026-10-09 14:06,2026-10-14,https://www.marocannonces.com/categorie/309/Offres-emploi/annonce/10463272/Agent-de-billetterie-Amadues-Rabat.html,https://www.marocannonces.com/categorie/309/Offres-emploi/annonce/10463272/Agent-de-billetterie-Amadues-Rabat.html
ma_10463272,"Agent De Billetterie Amadues Rabat","Entreprise Partenaire (Maroc)","Rabat (Maroc)",80,Marocannonces / Portail,"🔗 Apply Link Ready",,2026-10-09 14:06,2026-10-14,https://www.marocannonces.com/categorie/309/Offres-emploi/annonce/10463272/Agent-de-billetterie-Amadues-Rabat.html,https://www.marocannonces.com/categorie/309/Offres-emploi/annonce/10463272/Agent-de-billetterie-Amadues-Rabat.html
li_4459943846,"Développeur Data IA","Orange Business","Casablanca-Settat, Maroc",81,LinkedIn Direct Apply,"💼 Apply on LinkedIn",,2026-10-09 14:06,2026-10-14,https://ma.linkedin.com/jobs/view/d%C3%A9veloppeur-data-ia-at-orange-business-4459943846,https://ma.linkedin.com/jobs/view/d%C3%A9veloppeur-data-ia-at-orange-business-4459943846
li_4474041904,"Développeur Python IA","ALTEN MAROC","Fès, Fès-Meknès, Maroc",96,LinkedIn Direct Apply,"💼 Apply on LinkedIn",,2026-10-09 14:06,2026-10-14,https://ma.linkedin.com/jobs/view/d%C3%A9veloppeur-python-ia-at-alten-maroc-4474041904,https://ma.linkedin.com/jobs/view/d%C3%A9veloppeur-python-ia-at-alten-maroc-4474041904
li_4470916992,"Senior Software Engineer","The Flex","Casablanca, Casablanca-Settat, Maroc",96,LinkedIn Direct Apply,"💼 Apply on LinkedIn",,2026-10-09 14:06,2026-10-14,https://ma.linkedin.com/jobs/view/senior-software-engineer-at-the-flex-4470916992,https://ma.linkedin.com/jobs/view/senior-software-engineer-at-the-flex-4470916992
li_4472535632,"C++ Software Developer - Windows","AVL","Rabat, Rabat-Salé-Kénitra, Maroc",96,LinkedIn Direct Apply,"💼 Apply on LinkedIn",,2026-10-09 14:06,2026-10-14,https://ma.linkedin.com/jobs/view/c%2B%2B-software-developer-windows-at-avl-4472535632,https://ma.linkedin.com/jobs/view/c%2B%2B-software-developer-windows-at-avl-4472535632
li_4470930487,"Senior Full-Stack Product Engineer","The Flex","Rabat, Rabat-Salé-Kénitra, Maroc",96,LinkedIn Direct Apply,"💼 Apply on LinkedIn",,2026-10-09 14:06,2026-10-14,https://ma.linkedin.com/jobs/view/senior-full-stack-product-engineer-at-the-flex-4470930487,https://ma.linkedin.com/jobs/view/senior-full-stack-product-engineer-at-the-flex-4470930487
li_4470922700,"Senior Software Engineer","The Flex","Rabat, Rabat-Salé-Kénitra, Maroc",96,LinkedIn Direct Apply,"💼 Apply on LinkedIn",,2026-10-09 14:06,2026-10-14,https://ma.linkedin.com/jobs/view/senior-software-engineer-at-the-flex-4470922700,https://ma.linkedin.com/jobs/view/senior-software-engineer-at-the-flex-4470922700
wwr_57041,"Machine Learning Engineer","Jumio","100% Remote (Worldwide)",75,WeWorkRemotely (Remote),"🌐 Global Apply Link",,2026-10-09 13:50,2026-10-14,https://weworkremotely.com/remote-jobs/jumio-machine-learning-engineer,https://weworkremotely.com/remote-jobs/jumio-machine-learning-engineer
wwr_115365,"Machine Learning Engineer - IV (Biometrics)","Jumio","100% Remote (Worldwide)",75,WeWorkRemotely (Remote),"🌐 Global Apply Link",,2026-10-09 13:50,2026-10-14,https://weworkremotely.com/remote-jobs/jumio-machine-learning-engineer-iv-biometrics,https://weworkremotely.com/remote-jobs/jumio-machine-learning-engineer-iv-biometrics
wwr_956901,"Machine Learning Engineer","Jumio","100% Remote (Worldwide)",75,WeWorkRemotely (Remote),"🌐 Global Apply Link",,2026-10-09 13:49,2026-10-14,https://weworkremotely.com/remote-jobs/jumio-machine-learning-engineer,https://weworkremotely.com/remote-jobs/jumio-machine-learning-engineer
wwr_54965,"Machine Learning Engineer - IV (Biometrics)","Jumio","100% Remote (Worldwide)",75,WeWorkRemotely (Remote),"🌐 Global Apply Link",,2026-10-09 13:49,2026-10-14,https://weworkremotely.com/remote-jobs/jumio-machine-learning-engineer-iv-biometrics,https://weworkremotely.com/remote-jobs/jumio-machine-learning-engineer-iv-biometrics
wwr_314984,"Backend Engineer, IAM","Reddit","100% Remote (Worldwide)",80,WeWorkRemotely (Remote),"🌐 Global Apply Link",,2026-10-09 13:49,2026-10-14,https://weworkremotely.com/remote-jobs/reddit-backend-engineer-iam,https://weworkremotely.com/remote-jobs/reddit-backend-engineer-iam
wwr_670619,"Senior Java Developer","Twikey","100% Remote (Worldwide)",80,WeWorkRemotely (Remote),"🌐 Global Apply Link",,2026-10-09 13:49,2026-10-14,https://weworkremotely.com/remote-jobs/twikey-senior-java-developer,https://weworkremotely.com/remote-jobs/twikey-senior-java-developer
wwr_602933,"Engineering Manager II, Media Rendering","Pinterest","100% Remote (Worldwide)",80,WeWorkRemotely (Remote),"🌐 Global Apply Link",,2026-10-09 13:49,2026-10-14,https://weworkremotely.com/remote-jobs/pinterest-engineering-manager-ii-media-rendering,https://weworkremotely.com/remote-jobs/pinterest-engineering-manager-ii-media-rendering
wwr_922214,"Abuse Research Engineer","Stripe","100% Remote (Worldwide)",80,WeWorkRemotely (Remote),"🌐 Global Apply Link",,2026-10-09 13:49,2026-10-14,https://weworkremotely.com/remote-jobs/stripe-abuse-research-engineer,https://weworkremotely.com/remote-jobs/stripe-abuse-research-engineer
wwr_683478,"Backend Engineer, Control Plane","Tailscale","100% Remote (Worldwide)",80,WeWorkRemotely (Remote),"🌐 Global Apply Link",,2026-10-09 13:49,2026-10-14,https://weworkremotely.com/remote-jobs/tailscale-backend-engineer-control-plane,https://weworkremotely.com/remote-jobs/tailscale-backend-engineer-control-plane
wwr_683478,"Backend Engineer, Control Plane","Tailscale","100% Remote (Worldwide)",80,WeWorkRemotely (Remote),"🌐 Global Apply Link",,2026-10-09 13:49,2026-10-14,https://weworkremotely.com/remote-jobs/tailscale-backend-engineer-control-plane,https://weworkremotely.com/remote-jobs/tailscale-backend-engineer-control-plane
wwr_524817,"Backend Engineer (Multiple Positions)","LaunchDarkly","100% Remote (Worldwide)",80,Email Auto-Sent,"✅ Email Sent",hr@launchdarkly.com,2026-10-09 13:49,2026-10-14,https://weworkremotely.com/remote-jobs/launchdarkly-backend-engineer-multiple-positions,https://weworkremotely.com/remote-jobs/launchdarkly-backend-engineer-multiple-positions
wwr_963963,"Software Engineer - Query Execution","Dremio","100% Remote (Worldwide)",80,WeWorkRemotely (Remote),"🌐 Global Apply Link",,2026-10-09 13:49,2026-10-14,https://weworkremotely.com/remote-jobs/dremio-software-engineer-query-execution,https://weworkremotely.com/remote-jobs/dremio-software-engineer-query-execution
wwr_158336,"Backend Engineer, IAM","Reddit","100% Remote (Worldwide)",80,WeWorkRemotely (Remote),"🌐 Global Apply Link",,2026-10-09 13:49,2026-10-14,https://weworkremotely.com/remote-jobs/reddit-backend-engineer-iam,https://weworkremotely.com/remote-jobs/reddit-backend-engineer-iam
wwr_686747,"Senior Java Developer","Twikey","100% Remote (Worldwide)",80,WeWorkRemotely (Remote),"🌐 Global Apply Link",,2026-10-09 13:49,2026-10-14,https://weworkremotely.com/remote-jobs/twikey-senior-java-developer,https://weworkremotely.com/remote-jobs/twikey-senior-java-developer
wwr_248996,"Engineering Manager II, Media Rendering","Pinterest","100% Remote (Worldwide)",80,WeWorkRemotely (Remote),"🌐 Global Apply Link",,2026-10-09 13:48,2026-10-14,https://weworkremotely.com/remote-jobs/pinterest-engineering-manager-ii-media-rendering,https://weworkremotely.com/remote-jobs/pinterest-engineering-manager-ii-media-rendering
wwr_126458,"Abuse Research Engineer","Stripe","100% Remote (Worldwide)",80,WeWorkRemotely (Remote),"🌐 Global Apply Link",,2026-10-09 13:48,2026-10-14,https://weworkremotely.com/remote-jobs/stripe-abuse-research-engineer,https://weworkremotely.com/remote-jobs/stripe-abuse-research-engineer
wwr_785239,"Backend Engineer, Control Plane","Tailscale","100% Remote (Worldwide)",80,WeWorkRemotely (Remote),"🌐 Global Apply Link",,2026-10-09 13:48,2026-10-14,https://weworkremotely.com/remote-jobs/tailscale-backend-engineer-control-plane,https://weworkremotely.com/remote-jobs/tailscale-backend-engineer-control-plane
wwr_785239,"Backend Engineer, Control Plane","Tailscale","100% Remote (Worldwide)",80,WeWorkRemotely (Remote),"🌐 Global Apply Link",,2026-10-09 13:48,2026-10-14,https://weworkremotely.com/remote-jobs/tailscale-backend-engineer-control-plane,https://weworkremotely.com/remote-jobs/tailscale-backend-engineer-control-plane
wwr_733245,"Backend Engineer (Multiple Positions)","LaunchDarkly","100% Remote (Worldwide)",80,Email Auto-Sent,"✅ Email Sent",hr@launchdarkly.com,2026-10-09 13:48,2026-10-14,https://weworkremotely.com/remote-jobs/launchdarkly-backend-engineer-multiple-positions,https://weworkremotely.com/remote-jobs/launchdarkly-backend-engineer-multiple-positions
wwr_623013,"Software Engineer - Query Execution","Dremio","100% Remote (Worldwide)",80,WeWorkRemotely (Remote),"🌐 Global Apply Link",,2026-10-09 13:48,2026-10-14,https://weworkremotely.com/remote-jobs/dremio-software-engineer-query-execution,https://weworkremotely.com/remote-jobs/dremio-software-engineer-query-execution
wwr_151629,"Director of Security Engineering","Abnormal","100% Remote (Worldwide)",96,WeWorkRemotely (Remote),"🌐 Global Apply Link",,2026-10-09 13:48,2026-10-14,https://weworkremotely.com/remote-jobs/abnormal-director-of-security-engineering,https://weworkremotely.com/remote-jobs/abnormal-director-of-security-engineering
wwr_955275,"Director of Security Engineering","Abnormal","100% Remote (Worldwide)",96,WeWorkRemotely (Remote),"🌐 Global Apply Link",,2026-10-09 13:48,2026-10-14,https://weworkremotely.com/remote-jobs/abnormal-director-of-security-engineering,https://weworkremotely.com/remote-jobs/abnormal-director-of-security-engineering
wwr_926445,"Machine Learning Engineer","Jumio","100% Remote (Worldwide)",75,Email Auto-Sent,"✅ Email Sent",privacy@jumio.com,2026-10-09 13:16,2026-10-14,https://weworkremotely.com/remote-jobs/jumio-machine-learning-engineer,https://weworkremotely.com/remote-jobs/jumio-machine-learning-engineer
wwr_29103,"Machine Learning Engineer - IV (Biometrics)","Jumio","100% Remote (Worldwide)",75,Email Auto-Sent,"✅ Email Sent",privacy@jumio.com,2026-10-09 13:16,2026-10-14,https://weworkremotely.com/remote-jobs/jumio-machine-learning-engineer-iv-biometrics,https://weworkremotely.com/remote-jobs/jumio-machine-learning-engineer-iv-biometrics
wwr_696947,"Backend Engineer, IAM","Reddit","100% Remote (Worldwide)",80,Email Auto-Sent,"✅ Email Sent",matt@tinyboards.co,2026-10-09 13:16,2026-10-14,https://weworkremotely.com/remote-jobs/reddit-backend-engineer-iam,https://weworkremotely.com/remote-jobs/reddit-backend-engineer-iam
wwr_538875,"Senior Java Developer","Twikey","100% Remote (Worldwide)",80,Email Auto-Sent,"✅ Email Sent",matt@tinyboards.co,2026-10-09 13:16,2026-10-14,https://weworkremotely.com/remote-jobs/twikey-senior-java-developer,https://weworkremotely.com/remote-jobs/twikey-senior-java-developer
wwr_670426,"Engineering Manager II, Media Rendering","Pinterest","100% Remote (Worldwide)",80,Email Auto-Sent,"✅ Email Sent",matt@tinyboards.co,2026-10-09 13:16,2026-10-14,https://weworkremotely.com/remote-jobs/pinterest-engineering-manager-ii-media-rendering,https://weworkremotely.com/remote-jobs/pinterest-engineering-manager-ii-media-rendering
wwr_964103,"Abuse Research Engineer","Stripe","100% Remote (Worldwide)",80,Email Auto-Sent,"✅ Email Sent",matt@tinyboards.co,2026-10-09 13:16,2026-10-14,https://weworkremotely.com/remote-jobs/stripe-abuse-research-engineer,https://weworkremotely.com/remote-jobs/stripe-abuse-research-engineer
wwr_186072,"Backend Engineer, Control Plane","Tailscale","100% Remote (Worldwide)",80,Email Auto-Sent,"✅ Email Sent",matt@tinyboards.co,2026-10-09 13:16,2026-10-14,https://weworkremotely.com/remote-jobs/tailscale-backend-engineer-control-plane,https://weworkremotely.com/remote-jobs/tailscale-backend-engineer-control-plane
wwr_186072,"Backend Engineer, Control Plane","Tailscale","100% Remote (Worldwide)",80,Email Auto-Sent,"✅ Email Sent",matt@tinyboards.co,2026-10-09 13:16,2026-10-14,https://weworkremotely.com/remote-jobs/tailscale-backend-engineer-control-plane,https://weworkremotely.com/remote-jobs/tailscale-backend-engineer-control-plane
wwr_199336,"Backend Engineer (Multiple Positions)","LaunchDarkly","100% Remote (Worldwide)",80,Email Auto-Sent,"✅ Email Sent",hr@launchdarkly.com,2026-10-09 13:16,2026-10-14,https://weworkremotely.com/remote-jobs/launchdarkly-backend-engineer-multiple-positions,https://weworkremotely.com/remote-jobs/launchdarkly-backend-engineer-multiple-positions
wwr_859962,"Software Engineer - Query Execution","Dremio","100% Remote (Worldwide)",80,Email Auto-Sent,"✅ Email Sent",matt@tinyboards.co,2026-10-09 13:16,2026-10-14,https://weworkremotely.com/remote-jobs/dremio-software-engineer-query-execution,https://weworkremotely.com/remote-jobs/dremio-software-engineer-query-execution
rem_2091140,"Senior Shopify Developer","Sanctuary Computer Inc","Remote (Worldwide)",80,Remotive (Remote),"🌐 Global Apply Link",,2026-10-09 13:16,2026-10-14,https://remotive.com/remote-jobs/software-development/senior-shopify-developer-2091140,https://remotive.com/remote-jobs/software-development/senior-shopify-developer-2091140
rem_1749306,"Freelance Copywriter","Coalition Technologies ","Remote (Worldwide)",80,Remotive (Remote),"🌐 Global Apply Link",,2026-10-09 13:16,2026-10-14,https://remotive.com/remote-jobs/writing/freelance-copywriter-1749306,https://remotive.com/remote-jobs/writing/freelance-copywriter-1749306
rem_1185979,"Freelance Writer","IAPWE","Remote (Worldwide)",80,Remotive (Remote),"🌐 Global Apply Link",,2026-10-09 13:16,2026-10-14,https://remotive.com/remote-jobs/writing/freelance-writer-1185979,https://remotive.com/remote-jobs/writing/freelance-writer-1185979
rem_2091045,"Tier III Service Desk Engineer","Unio Digital","Remote (Worldwide)",80,Remotive (Remote),"🌐 Global Apply Link",,2026-10-09 13:16,2026-10-14,https://remotive.com/remote-jobs/information-technology/tier-iii-service-desk-engineer-2091045,https://remotive.com/remote-jobs/information-technology/tier-iii-service-desk-engineer-2091045
wwr_496406,"Director of Security Engineering","Abnormal","100% Remote (Worldwide)",96,Email Auto-Sent,"✅ Email Sent",matt@tinyboards.co,2026-10-09 13:16,2026-10-14,https://weworkremotely.com/remote-jobs/abnormal-director-of-security-engineering,https://weworkremotely.com/remote-jobs/abnormal-director-of-security-engineering
rek_186995,"Support Applicatif Administrateur Dapplication Oriente Run","Alten","Télétravail (Maroc)",80,Rekrute Direct,"🔗 Apply Link Ready",,2026-10-09 13:16,2026-10-14,https://www.rekrute.com/offre-emploi-support-applicatif-administrateur-dapplication-oriente-run-recrutement-alten-maroc-rabat-186995.html,https://www.rekrute.com/offre-emploi-support-applicatif-administrateur-dapplication-oriente-run-recrutement-alten-maroc-rabat-186995.html
rek_187144,"Auditeur Junior","Fondation","Télétravail (Maroc)",80,Rekrute Direct,"🔗 Apply Link Ready",,2026-10-09 13:16,2026-10-14,https://www.rekrute.com/offre-emploi-auditeur-junior-recrutement-fondation-arrawaj-rabat-187144.html,https://www.rekrute.com/offre-emploi-auditeur-junior-recrutement-fondation-arrawaj-rabat-187144.html
rek_187240,"Agent Baf Front Office Polyvalent Hf","Hopital","Salé / Technopolis (Maroc)",80,Rekrute Direct,"🔗 Apply Link Ready",,2026-10-09 13:16,2026-10-14,https://www.rekrute.com/offre-emploi-agent-baf-front-office-polyvalent-hf-recrutement-hopital-uir---lhopital-universitaire-international-de-rabat-rabat-187240.html,https://www.rekrute.com/offre-emploi-agent-baf-front-office-polyvalent-hf-recrutement-hopital-uir---lhopital-universitaire-international-de-rabat-rabat-187240.html
rek_187291,"Agent Baf Back Office Polyvalent Hf","Hopital","Salé / Technopolis (Maroc)",80,Rekrute Direct,"🔗 Apply Link Ready",,2026-10-09 13:16,2026-10-14,https://www.rekrute.com/offre-emploi-agent-baf-back-office-polyvalent-hf-recrutement-hopital-uir---lhopital-universitaire-international-de-rabat-rabat-187291.html,https://www.rekrute.com/offre-emploi-agent-baf-back-office-polyvalent-hf-recrutement-hopital-uir---lhopital-universitaire-international-de-rabat-rabat-187291.html
rek_187249,"Senior Mobile Core Engineer Hf","Orange","Salé / Technopolis (Maroc)",80,Rekrute Direct,"🔗 Apply Link Ready",,2026-10-09 13:16,2026-10-14,https://www.rekrute.com/offre-emploi-senior-mobile-core-engineer-hf-recrutement-orange-business-rabat-187249.html,https://www.rekrute.com/offre-emploi-senior-mobile-core-engineer-hf-recrutement-orange-business-rabat-187249.html
rek_187314,"Ingenieur Reseau Fh","Sofrecom","Salé / Technopolis (Maroc)",80,Rekrute Direct,"🔗 Apply Link Ready",,2026-10-09 13:16,2026-10-14,https://www.rekrute.com/offre-emploi-ingenieur-reseau-fh-recrutement-sofrecom-maroc-rabat-187314.html,https://www.rekrute.com/offre-emploi-ingenieur-reseau-fh-recrutement-sofrecom-maroc-rabat-187314.html
ma_10375542,"Directeur(Trice) Général(E) Digitaldirecteur(Trice) Général(E) Expert En Digital","Entreprise Partenaire (Maroc)","Salé (Maroc)",80,Marocannonces / Portail,"🔗 Apply Link Ready",,2026-10-09 13:16,2026-10-14,https://www.marocannonces.com/categorie/309/Offres-emploi/annonce/10375542/Directeur(trice)-Général(e)-DigitalDirecteur(trice)-Général(e)-expert-en-Digital.html,https://www.marocannonces.com/categorie/309/Offres-emploi/annonce/10375542/Directeur(trice)-Général(e)-DigitalDirecteur(trice)-Général(e)-expert-en-Digital.html
ma_10375542,"Directeur(Trice) Général(E) Digitaldirecteur(Trice) Général(E) Expert En Digital","Entreprise Partenaire (Maroc)","Kénitra (Maroc)",80,Marocannonces / Portail,"🔗 Apply Link Ready",,2026-10-09 13:16,2026-10-14,https://www.marocannonces.com/categorie/309/Offres-emploi/annonce/10375542/Directeur(trice)-Général(e)-DigitalDirecteur(trice)-Général(e)-expert-en-Digital.html,https://www.marocannonces.com/categorie/309/Offres-emploi/annonce/10375542/Directeur(trice)-Général(e)-DigitalDirecteur(trice)-Général(e)-expert-en-Digital.html
ma_10375542,"Directeur(Trice) Général(E) Digitaldirecteur(Trice) Général(E) Expert En Digital","Entreprise Partenaire (Maroc)","Rabat (Maroc)",80,Marocannonces / Portail,"🔗 Apply Link Ready",,2026-10-09 13:16,2026-10-14,https://www.marocannonces.com/categorie/309/Offres-emploi/annonce/10375542/Directeur(trice)-Général(e)-DigitalDirecteur(trice)-Général(e)-expert-en-Digital.html,https://www.marocannonces.com/categorie/309/Offres-emploi/annonce/10375542/Directeur(trice)-Général(e)-DigitalDirecteur(trice)-Général(e)-expert-en-Digital.html
ep_101e83b4-f,"Diplôme de Technicien Spécialisé (Bac+2) ou diplôme équivalant : Gestion des Entreprises, Finance et Comptabilité, Commerce 
                                 
                                                                                                                                                                                        1 jours restants
                                                                     
                                   
                                    Office Marocain de la Propriété Industrielle et Commerciale
                                 
                                 
                                     Annonce 
                                                                             Dépôt en ligne 
                                                                     
                             
                             
                                   4 poste 
                                   Limite de dépôt : 9 Octobre 2026","Secteur Public / Ministère / Établissement (Rabat)","Rabat (Maroc)",80,Emploi-Public (Concours),"🏛️ Concours Postuler",,2026-10-09 13:16,2026-10-14,https://www.emploi-public.ma/fr/concours/details/101e83b4-f070-4c7a-bf22-4ee19ab1842b,https://www.emploi-public.ma/fr/concours/details/101e83b4-f070-4c7a-bf22-4ee19ab1842b
ep_e01721b7-4,"Ingénieur d&#039;Etat ou Master (Bac+5) ou diplôme équivalant en Chimie 
                                 
                                                                                                                                                                                        1 jours restants
                                                                     
                                   
                                    Office Marocain de la Propriété Industrielle et Commerciale
                                 
                                 
                                     Annonce 
                                                                             Dépôt en ligne 
                                                                     
                             
                             
                                   1 poste 
                                   Limite de dépôt : 9 Octobre 2026","Secteur Public / Ministère / Établissement (Rabat)","Rabat (Maroc)",80,Emploi-Public (Concours),"🏛️ Concours Postuler",,2026-10-09 13:16,2026-10-14,https://www.emploi-public.ma/fr/concours/details/e01721b7-4918-488e-84ab-910118be9848,https://www.emploi-public.ma/fr/concours/details/e01721b7-4918-488e-84ab-910118be9848
ep_69b9e396-7,"Ingénieur d&#039;Etat ou Master (Bac+5) ou diplôme équivalant en Génie Industriel 
                                 
                                                                                                                                                                                        1 jours restants
                                                                     
                                   
                                    Office Marocain de la Propriété Industrielle et Commerciale
                                 
                                 
                                     Annonce 
                                                                             Dépôt en ligne 
                                                                     
                             
                             
                                   3 poste 
                                   Limite de dépôt : 9 Octobre 2026","Secteur Public / Ministère / Établissement (Rabat)","Rabat (Maroc)",80,Emploi-Public (Concours),"🏛️ Concours Postuler",,2026-10-09 13:16,2026-10-14,https://www.emploi-public.ma/fr/concours/details/69b9e396-7963-478a-87e8-44a51ddc49b3,https://www.emploi-public.ma/fr/concours/details/69b9e396-7963-478a-87e8-44a51ddc49b3
ep_163393e4-8,"Publication de la liste des convoqués pour l&#039;entretien oral du concours de recrutement d&#039;un Technicien de 3ème grade - Echelle 9 
                                       Ministère de la Solidarité, de l’Insertion sociale et de la Famille 
                                     
                                     Convocation pour l&#039;entretien oral 
                                                                         
                                 
                                 
                                                                               2 postes 
                                                                                                                   Limite de dépôt : 27 Septembre 2026
                                                                                                                            - 16:30
                                                                                 
                                                                                                                   Date du concours : 4 Octobre 2026","Secteur Public / Ministère / Établissement (Rabat)","Rabat (Maroc)",80,Emploi-Public (Concours),"🏛️ Concours Postuler",,2026-10-09 13:16,2026-10-14,https://www.emploi-public.ma/fr/concours/details/163393e4-8773-494e-ba2d-ad108262c366,https://www.emploi-public.ma/fr/concours/details/163393e4-8773-494e-ba2d-ad108262c366
ep_0bcfe0ed-c,"Avis de concours de recrutement de Ingénieur d&#039;Etat 1er grade - Echelle 11 
                                       Haut commissariat au plan 
                                     
                                     Annonce 
                                                                             Dépôt en ligne 
                                                                         
                                 
                                 
                                                                               20 postes 
                                                                                                                   Limite de dépôt : 15 Octobre 2026
                                                                                                                            - 16:30
                                                                                 
                                                                                                                   Date du concours : 25 Octobre 2026","Secteur Public / Ministère / Établissement (Rabat)","Rabat (Maroc)",80,Emploi-Public (Concours),"🏛️ Concours Postuler",,2026-10-09 13:16,2026-10-14,https://www.emploi-public.ma/fr/concours/details/0bcfe0ed-c273-4358-947a-76594b2f2dde,https://www.emploi-public.ma/fr/concours/details/0bcfe0ed-c273-4358-947a-76594b2f2dde
ep_52e12b8e-9,"Avis de concours de recrutement de Technicien de 3ème grade - Echelle 9 
                                       Ministère de l’intérieur -Direction Générale de la Protection Civile- 
                                     
                                     Annonce 
                                                                         
                                 
                                 
                                                                               12 postes 
                                                                                                                   Limite de dépôt : 5 Octobre 2026
                                                                                                                            - 16:30
                                                                                 
                                                                                                                   Date du concours : 25 Octobre 2026","Secteur Public / Ministère / Établissement (Rabat)","Rabat (Maroc)",80,Emploi-Public (Concours),"🏛️ Concours Postuler",,2026-10-09 13:16,2026-10-14,https://www.emploi-public.ma/fr/concours/details/52e12b8e-9551-4cd5-913c-a6af6b39db73,https://www.emploi-public.ma/fr/concours/details/52e12b8e-9551-4cd5-913c-a6af6b39db73
ep_78213ebc-6,"Avis de concours de recrutement de Ingénieur d&#039;Etat 1er grade - Echelle 11 
                                       Ministère de l’intérieur -Direction Générale de la Protection Civile- 
                                     
                                     Annonce 
                                                                         
                                 
                                 
                                                                               4 postes 
                                                                                                                   Limite de dépôt : 5 Octobre 2026
                                                                                                                            - 16:30
                                                                                 
                                                                                                                   Date du concours : 25 Octobre 2026","Secteur Public / Ministère / Établissement (Rabat)","Rabat (Maroc)",80,Emploi-Public (Concours),"🏛️ Concours Postuler",,2026-10-09 13:16,2026-10-14,https://www.emploi-public.ma/fr/concours/details/78213ebc-6540-4ee1-8732-f5b9d4219945,https://www.emploi-public.ma/fr/concours/details/78213ebc-6540-4ee1-8732-f5b9d4219945
ep_bd7d21e6-c,"Avis de concours de recrutement de Ingénieur d&#039;Etat 1er grade - Echelle 11 
                                       Ministère de l’Education nationale, du Préscolaire et des Sports - Département de l’Education nationale 
                                     
                                     Annonce 
                                                                         
                                 
                                 
                                                                               1 poste 
                                                                                                                   Limite de dépôt : 7 Octobre 2026
                                                                                                                            - 16:30
                                                                                 
                                                                                                                   Date du concours : 17 Octobre 2026","Secteur Public / Ministère / Établissement (Rabat)","Rabat (Maroc)",80,Emploi-Public (Concours),"🏛️ Concours Postuler",,2026-10-09 13:16,2026-10-14,https://www.emploi-public.ma/fr/concours/details/bd7d21e6-ce27-4590-9ae0-ba4755897c51,https://www.emploi-public.ma/fr/concours/details/bd7d21e6-ce27-4590-9ae0-ba4755897c51
rek_187256,"Ingenieur Reseau Senior Hf","Hopital","Salé / Technopolis (Maroc)",96,Rekrute Direct,"🔗 Apply Link Ready",,2026-10-09 13:16,2026-10-14,https://www.rekrute.com/offre-emploi-ingenieur-reseau-senior-hf-recrutement-hopital-uir---lhopital-universitaire-international-de-rabat-rabat-187256.html,https://www.rekrute.com/offre-emploi-ingenieur-reseau-senior-hf-recrutement-hopital-uir---lhopital-universitaire-international-de-rabat-rabat-187256.html
rek_186037,"Social Media Manager Hf","Hopital","Salé / Technopolis (Maroc)",96,Rekrute Direct,"🔗 Apply Link Ready",,2026-10-09 13:16,2026-10-14,https://www.rekrute.com/offre-emploi-social-media-manager-hf-recrutement-hopital-uir---lhopital-universitaire-international-de-rabat-rabat-186037.html,https://www.rekrute.com/offre-emploi-social-media-manager-hf-recrutement-hopital-uir---lhopital-universitaire-international-de-rabat-rabat-186037.html
rek_187316,"Reporting Programmer Clinical Data","Alten","Télétravail (Maroc)",96,Rekrute Direct,"🔗 Apply Link Ready",,2026-10-09 13:15,2026-10-14,https://www.rekrute.com/offre-emploi-reporting-programmer-clinical-data-recrutement-alten-maroc-rabat-187316.html,https://www.rekrute.com/offre-emploi-reporting-programmer-clinical-data-recrutement-alten-maroc-rabat-187316.html
rek_187318,"Dba Oracle Avec Goldengate","Alten","Télétravail (Maroc)",96,Rekrute Direct,"Email Sent",elidrissislimaniabderrahmane@gmail.com,2026-10-09 13:15,2026-10-14,https://www.rekrute.com/offre-emploi-dba-oracle-avec-goldengate-recrutement-alten-maroc-rabat-187318.html,https://www.rekrute.com/offre-emploi-dba-oracle-avec-goldengate-recrutement-alten-maroc-rabat-187318.html